round,gameweek,dayofweek,date,start_time,home_team,away_team,score,home_score,away_score,home_pens,away_pens,went_to_penalties,attendance,venue,referee,home_formation,away_formation,home_manager,away_manager,home_captain,away_captain,home_possession,away_possession,home_sot,away_sot,home_total_shots,away_total_shots,home_saves,away_saves,home_cards_yellow,away_cards_yellow,home_cards_red,away_cards_red,home_fouls,away_fouls,home_corners,away_corners,home_crosses,away_crosses,home_interceptions,away_interceptions,home_offsides,away_offsides,notes
조별리그,1,금,2026-06-12,04:00,멕시코,남아프리카공화국,2-0,2.0,0.0,,,false,80824,"Estadio Banorte, Coyoacán",일톤 삼파,4-1-4-1,5-3-2,하비에르 아기레,휘고 브로스,케살 몬테스,론엔 일리므스,61,40,4,2,16,3,2,2,1,2,1,2,12,11,3,1,12,8,8,7,1,1,
조별리그,1,금,2026-06-12,11:00,대한민국,체코,2-1,2.0,1.0,,,false,44985,"Estadio Akron, Zapopan",아민 오말,3-4-3,3-4-3,홍명보,미로스랍 코이벡,손흥민,라디스랍 크레즈키,62,38,6,4,15,7,3,4,1,0,0,0,9,16,4,5,12,15,11,7,2,2,
조별리그,1,토,2026-06-13,04:00,캐나다,보스니아 헤르체고비나,1-1,1.0,1.0,,,false,43002,"BMO Field, Toronto",파쿤도 텔로,4-2-2-2,4-2-2-2,제시 마시,셀게즈 발바레즈,스텝헨 으스타쿠,시드 코라시나크,61,39,4,3,13,8,2,1,2,3,0,0,10,20,9,4,24,10,4,10,1,0,
조별리그,1,토,2026-06-13,10:00,미국,파라과이,4-1,4.0,1.0,,,false,70492,"SoFi Stadium, Inglewood",단니 막케리,4-2-3-1,4-2-2-2,마우리시오 포체티노,구스타보 알파로,팀 림,구스타보 고메즈,65,35,6,1,16,9,0,3,1,5,0,0,13,17,3,1,17,5,11,9,2,1,
조별리그,1,일,2026-06-14,04:00,카타르,스위스,1-1,1.0,1.0,,,false,67966,"Levi's Stadium, Santa Clara",사이드 말티네즈,4-1-4-1,4-2-3-1,훌렌 로페테기,무라트 야킨,보렘 콕이히,그라니트 크스하카,32,68,4,7,7,26,5,3,2,1,0,0,12,11,3,10,8,35,10,7,0,1,
조별리그,1,일,2026-06-14,07:00,브라질,모로코,1-1,1.0,1.0,,,false,80663,"MetLife Stadium, East Rutherford",스랍코 빈키크,4-2-2-2,4-2-3-1,카를로 안첼로티,모하메드 오비,말쿤호스,아슈라프 하키미,51,49,5,3,12,14,2,4,2,0,0,0,16,14,6,2,16,15,5,4,0,1,
조별리그,1,일,2026-06-14,13:00,호주,튀르키예,2-0,2.0,0.0,,,false,52497,"BC Place Stadium, Vancouver",제수스 바렌주라,5-4-1,4-2-3-1,토니 포포비크,빈첸초 몬텔라,할리 소이트탈,하칸 칼하녹루,28,72,4,8,9,30,8,2,0,1,0,0,12,4,5,8,14,26,6,4,1,3,
조별리그,1,일,2026-06-14,10:00,아이티,스코틀랜드,0-1,0.0,1.0,,,false,64146,"Gillette Stadium, Foxborough",무스탑하 골발,4-2-2-2,4-2-2-2,세바스틴 믹네,스티브 클라크,조니 프라키데,안디 로베르트손,54,46,2,2,15,9,1,2,1,3,0,0,23,21,4,3,23,14,6,6,3,1,
조별리그,1,월,2026-06-15,02:00,독일,퀴라소,7-1,7.0,1.0,,,false,68021,"Reliant Stadium, Houston",자랄 지드,4-2-3-1,4-3-1-2,율리안 나겔스만,딕 아드보카트,요주아 키미히,리느드로 바쿠나,65,35,12,2,26,8,1,4,0,0,0,0,18,11,8,1,12,7,10,16,0,1,
조별리그,1,월,2026-06-15,05:00,네덜란드,일본,2-2,2.0,2.0,,,false,69285,"AT&T Stadium, Arlington",이스말이 엘파트,4-1-4-1,3-4-3,로날드 쿠만,모리야스 하지메,빌길 반 딕즈,리트수 돈,60,40,6,3,10,10,1,4,3,0,0,0,7,7,5,4,21,23,7,4,1,0,
조별리그,1,월,2026-06-15,08:00,코트디부아르,에콰도르,1-0,1.0,0.0,,,false,68274,"Lincoln Financial Field, Philadelphia",프란코스 레테크실,4-2-2-2,4-2-2-2,에멜세 파,세바스틴 베카크케케,프락느크 케스시,엔넬 바렌키,48,52,4,1,15,12,1,3,3,1,0,0,10,13,3,5,7,14,11,13,,,
조별리그,1,월,2026-06-15,11:00,스웨덴,튀니지,5-1,5.0,1.0,,,false,50987,"Estadio BBVA Bancomer, Guadalupe",일 팔콘,3-4-1-2,5-3-2,그레이엄 포터,사브리 라무시,비크톨 린데로프,엘리스 스크히리,49,51,7,2,13,6,1,1,0,1,0,0,10,8,4,2,12,13,8,5,3,6,
조별리그,1,화,2026-06-16,04:00,벨기에,이집트,1-1,1.0,1.0,,,false,66775,"Lumen Field, Seattle",라몬 아바트티,4-2-3-1,4-2-3-1,뤼디 가르시아,호삼 하산,이리 티레마느스,모하메드 살라,54,46,3,3,15,14,2,3,2,2,0,0,15,15,2,7,16,13,10,12,0,1,
조별리그,1,화,2026-06-16,01:00,스페인,카보베르데,0-0,0.0,0.0,,,false,67640,"Mercedes-Benz Stadium, Atlanta",아드함 막하드메,4-1-4-1,4-1-4-1,루이스 데라푸엔테,부비스타,로드리,린 멘데스,74,26,7,1,27,6,1,7,1,1,0,0,10,1,11,1,36,4,6,16,2,3,
조별리그,1,화,2026-06-16,07:00,사우디아라비아,우루과이,1-1,1.0,1.0,,,false,62764,"Hard Rock Stadium, Miami Gardens",모리지 마리니,4-2-2-2,4-2-2-2,겔기스 도니스,마르셀로 비엘사,사렘 알-다사리,페데리코 발벨데,33,67,3,10,7,27,9,2,1,0,0,0,11,6,4,14,7,47,7,10,0,6,
조별리그,1,화,2026-06-16,10:00,이란,뉴질랜드,2-2,2.0,2.0,,,false,70108,"SoFi Stadium, Inglewood",케살 알투로 라모스,4-2-2-2,4-2-3-1,아밀 가레노이,달렌 바제레이,메디 타레미,크흐리스 우드,48,52,4,8,17,14,6,2,1,0,0,0,10,8,4,1,19,12,11,13,2,0,
조별리그,1,수,2026-06-17,04:00,프랑스,세네갈,3-1,3.0,1.0,,,false,80545,"MetLife Stadium, East Rutherford",아리레자 팍하니,4-2-3-1,4-2-3-1,디디에 데샹,파페 시,킬리안 음바페,카리도이 코이리바리,54,46,8,2,11,6,2,5,0,0,0,0,5,9,6,4,9,9,7,8,1,3,
조별리그,1,수,2026-06-17,07:00,이라크,노르웨이,1-4,1.0,4.0,,,false,63106,"Gillette Stadium, Foxborough",필레 기스란이 아트크호,4-2-2-2,4-1-4-1,그레이엄 아널드,스톨레 솔바켄,자랄 하스산,말틴 데가르드,39,61,1,5,11,12,2,0,1,0,0,0,12,13,2,5,13,17,5,3,1,0,
조별리그,1,수,2026-06-17,10:00,아르헨티나,알제리,3-0,3.0,0.0,,,false,69045,"GEHA Field at Arrowhead Stadium, Kansas City",스지몬 말키닉,4-2-2-2,4-2-3-1,리오넬 스칼로니,브라디밀 페트코비크,리오넬 메시,아이스사 만디,48,52,6,0,10,7,0,3,0,0,0,0,13,8,2,2,5,8,12,8,3,1,
조별리그,1,수,2026-06-17,13:00,오스트리아,요르단,3-1,3.0,1.0,,,false,68527,"Levi's Stadium, Santa Clara",다하네 베다,4-2-3-1,5-4-1,랄프 랑닉,자말 셀라미,다비드 아라바,이산 하드다드,63,37,4,4,11,11,3,1,1,0,0,0,12,7,4,3,17,15,15,12,3,1,
조별리그,1,목,2026-06-18,02:00,포르투갈,콩고민주공화국,1-1,1.0,1.0,,,false,68777,"Reliant Stadium, Houston",압둘라만 입라힘 알 자스심,4-2-3-1,5-3-2,로베르토 마르티네스,세바스틴 데삽레,크리스티아누 호날두,찬켈 므벰바,75,25,1,2,7,8,1,0,3,1,0,0,9,10,5,4,23,9,2,5,3,2,
조별리그,1,목,2026-06-18,05:00,잉글랜드,크로아티아,4-2,4.0,2.0,,,false,70389,"AT&T Stadium, Arlington",크레메느트 툴핀,4-2-3-1,3-4-3,토마스 투헬,즐라트코 달리치,해리 케인,루카 모드리크,52,48,11,5,22,10,3,7,0,0,0,0,10,12,8,2,13,13,7,7,0,1,
조별리그,1,목,2026-06-18,08:00,가나,파나마,1-0,1.0,0.0,,,false,42942,"BMO Field, Toronto",그렌느 니벡르,4-2-3-1,3-4-3,카를루스 케이로스,소마스 크흐리스틴센,졸단 아,일 발케나스,38,62,2,4,8,11,4,2,1,2,0,0,9,11,2,2,16,21,8,5,4,1,
조별리그,1,목,2026-06-18,11:00,우즈베키스탄,콜롬비아,1-3,1.0,3.0,,,false,80824,"Estadio Banorte, Coyoacán",아느트호니 테이롤,5-4-1,4-1-4-1,파비오 칸나바로,네스토르 로렌소,엘돌 소무로돕,자메스 로드리구즈,39,62,2,4,8,15,1,1,1,1,0,0,14,11,3,4,13,15,7,6,0,3,
조별리그,2,금,2026-06-19,01:00,체코,남아프리카공화국,1-1,1.0,1.0,,,false,67442,"Mercedes-Benz Stadium, Atlanta",토리 펜소,5-3-2,4-1-4-1,미로스랍 코이벡,휘고 브로스,라디스랍 크레즈키,론엔 일리므스,38,62,3,4,14,17,3,2,1,2,0,0,12,10,5,5,16,17,9,9,2,3,
조별리그,2,금,2026-06-19,04:00,스위스,보스니아 헤르체고비나,4-1,4.0,1.0,,,false,70026,"SoFi Stadium, Inglewood",조 핀헤로,4-1-4-1,4-2-2-2,무라트 야킨,셀게즈 발바레즈,그라니트 크스하카,에딘 드제코,62,38,7,3,13,5,2,3,1,2,0,1,7,18,7,3,22,12,4,12,3,1,
조별리그,2,금,2026-06-19,07:00,캐나다,카타르,6-0,6.0,0.0,,,false,52497,"BC Place Stadium, Vancouver",크리스틴 가레이,4-2-2-2,4-3-2-1,제시 마시,훌렌 로페테기,스텝헨 으스타쿠,보렘 콕이히,79,21,10,0,32,2,0,4,1,1,0,2,9,10,19,1,55,3,6,11,1,1,
조별리그,2,금,2026-06-19,10:00,멕시코,대한민국,1-0,1.0,0.0,,,false,45522,"Estadio Akron, Zapopan",구스타보 테제라,4-1-4-1,3-4-3,하비에르 아기레,홍명보,에드손 알바레즈,손흥민,42,58,4,2,8,9,2,3,0,2,0,0,9,7,0,2,5,9,7,5,3,6,
조별리그,2,토,2026-06-20,04:00,미국,호주,2-0,2.0,0.0,,,false,66925,"Lumen Field, Seattle",페리스 즈알,3-5-2,5-4-1,마우리시오 포체티노,토니 포포비크,팀 림,할리 소이트탈,62,38,2,2,10,5,2,1,3,4,0,0,12,16,7,4,14,19,21,7,1,0,
조별리그,2,토,2026-06-20,07:00,스코틀랜드,모로코,0-1,0.0,1.0,,,false,64146,"Gillette Stadium, Foxborough",일기즈 탄타스헵,4-1-4-1,4-2-3-1,스티브 클라크,모하메드 오비,안디 로베르트손,아슈라프 하키미,41,59,0,2,6,12,1,0,1,1,0,0,11,8,2,5,13,10,9,5,1,0,
조별리그,2,토,2026-06-20,12:00,튀르키예,파라과이,0-1,0.0,1.0,,,false,68827,"Levi's Stadium, Santa Clara",이반 발톤,4-2-3-1,4-2-2-2,빈첸초 몬텔라,구스타보 알파로,하칸 칼하녹루,구스타보 고메즈,79,22,5,2,32,7,1,5,2,1,0,1,14,15,12,0,42,6,6,9,2,3,
조별리그,2,토,2026-06-20,09:30,브라질,아이티,3-0,3.0,0.0,,,false,68324,"Lincoln Financial Field, Philadelphia",아레자느드로 헬난데즈,4-1-4-1,3-4-3,카를로 안첼로티,세바스틴 믹네,말쿤호스,조니 프라키데,57,43,5,3,8,7,3,2,1,3,0,0,13,14,4,4,9,11,10,9,8,4,
조별리그,2,일,2026-06-21,02:00,네덜란드,스웨덴,5-1,5.0,1.0,,,false,68777,"Reliant Stadium, Houston",미크할 오리벨,4-1-4-1,3-1-4-2,로날드 쿠만,그레이엄 포터,빌길 반 딕즈,비크톨 린데로프,51,49,7,8,10,16,7,2,0,3,0,0,9,12,2,5,15,21,8,6,3,3,
조별리그,2,일,2026-06-21,05:00,독일,코트디부아르,2-1,2.0,1.0,,,false,43036,"BMO Field, Toronto",준 갑릴 베니테즈,4-2-3-1,4-1-4-1,율리안 나겔스만,에멜세 파,요주아 키미히,프락느크 케스시,59,41,7,2,16,9,1,5,0,0,0,0,5,7,8,3,21,9,7,13,0,1,
조별리그,2,일,2026-06-21,09:00,에콰도르,퀴라소,0-0,0.0,0.0,,,false,68598,"GEHA Field at Arrowhead Stadium, Kansas City",마 닝,3-1-4-2,5-4-1,세바스틴 베카크케케,딕 아드보카트,엔넬 바렌키,리느드로 바쿠나,75,25,15,3,27,10,3,15,1,5,0,0,7,10,9,0,32,1,7,8,1,2,
조별리그,2,일,2026-06-21,13:00,튀니지,일본,0-4,0.0,4.0,,,false,51243,"Estadio BBVA, Guadalupe",이스트반 코바크스,5-4-1,3-4-3,에르베 르나르,모리야스 하지메,엘리스 스크히리,코 이타쿠라,38,62,0,5,2,11,1,0,0,0,0,0,8,15,3,5,10,11,14,6,1,1,
조별리그,2,월,2026-06-22,01:00,스페인,사우디아라비아,4-0,4.0,0.0,,,false,68239,"Mercedes-Benz Stadium, Atlanta",랍할 크로스,4-1-4-1,5-4-1,루이스 데라푸엔테,겔기스 도니스,로드리,사렘 알-다사리,67,33,8,1,22,3,1,5,0,2,0,0,10,2,6,1,25,5,16,12,2,3,
조별리그,2,월,2026-06-22,04:00,벨기에,이란,0-0,0.0,0.0,,,false,70317,"SoFi Stadium, Inglewood",다리 헬레라,4-2-3-1,5-4-1,뤼디 가르시아,아밀 가레노이,이리 티레마느스,에산 하즈사피,70,30,7,3,23,7,3,7,1,1,1,0,7,9,4,2,32,8,3,13,3,4,
조별리그,2,월,2026-06-22,07:00,우루과이,카보베르데,2-2,2.0,2.0,,,false,64003,"Hard Rock Stadium, Miami Gardens",에스펜 에스카스,4-1-4-1,4-1-4-1,마르셀로 비엘사,부비스타,페데리코 발벨데,린 멘데스,65,35,2,4,17,12,2,0,2,2,0,0,11,4,11,4,29,7,8,13,3,0,
조별리그,2,월,2026-06-22,10:00,뉴질랜드,이집트,1-3,1.0,3.0,,,false,52497,"BC Place Stadium, Vancouver",오말 모하메드 알 아리,4-2-3-1,4-2-2-2,달렌 바제레이,호삼 하산,크흐리스 우드,모하메드 살라,44,56,5,7,11,19,4,4,2,1,0,0,14,8,4,3,15,22,5,7,3,0,
조별리그,2,화,2026-06-23,02:00,아르헨티나,오스트리아,2-0,2.0,0.0,,,false,70649,"AT&T Stadium, Arlington",아민 오말,4-2-2-2,4-2-3-1,리오넬 스칼로니,랄프 랑닉,리오넬 메시,다비드 아라바,54,46,5,1,12,6,1,2,2,2,0,0,13,13,1,3,4,16,8,9,2,0,
조별리그,2,화,2026-06-23,06:00,프랑스,이라크,3-0,3.0,0.0,,,false,68324,"Lincoln Financial Field, Philadelphia",드레 피스크헬,4-2-3-1,4-1-4-1,디디에 데샹,그레이엄 아널드,킬리안 음바페,에이만 후스센,56,45,5,0,19,4,0,2,0,1,0,0,8,4,4,2,14,9,5,11,1,0,
조별리그,2,화,2026-06-23,09:00,노르웨이,세네갈,3-2,3.0,2.0,,,false,80663,"MetLife Stadium, East Rutherford",일톤 삼파,4-1-4-1,4-2-3-1,스톨레 솔바켄,파페 시,말틴 데가르드,카리도이 코이리바리,42,58,7,4,13,16,2,3,0,0,0,0,13,5,5,4,10,23,8,10,0,4,
조별리그,2,화,2026-06-23,12:00,요르단,알제리,1-2,1.0,2.0,,,false,68371,"Levi's Stadium, Santa Clara",스랍코 빈키크,5-4-1,4-2-3-1,자말 셀라미,브라디밀 페트코비크,이산 하드다드,리드 마레즈,28,72,4,8,8,17,6,3,1,1,0,0,11,6,1,10,5,21,2,10,1,0,
조별리그,2,수,2026-06-24,02:00,포르투갈,우즈베키스탄,5-0,5.0,0.0,,,false,68777,"Reliant Stadium, Houston",자랄 자드,4-2-3-1,5-4-1,로베르토 마르티네스,파비오 칸나바로,크리스티아누 호날두,엘돌 소무로돕,66,34,9,2,17,7,2,4,1,1,0,0,14,15,3,2,22,8,5,14,2,2,
조별리그,2,수,2026-06-24,05:00,잉글랜드,가나,0-0,0.0,0.0,,,false,63983,"Gillette Stadium, Foxborough",사이드 말티네즈,4-2-3-1,4-1-4-1,토마스 투헬,카를루스 케이로스,해리 케인,졸단 아,79,21,3,1,19,2,0,3,1,1,0,0,14,24,9,2,30,5,1,8,2,2,
조별리그,2,수,2026-06-24,08:00,파나마,크로아티아,0-1,0.0,1.0,,,false,43036,"BMO Field, Toronto",필레 기스란이 아트크호,5-4-1,4-2-3-1,소마스 크흐리스틴센,즐라트코 달리치,일 발케나스,루카 모드리크,42,58,1,2,8,6,1,1,1,1,0,0,19,12,7,2,29,17,4,5,1,2,
조별리그,2,수,2026-06-24,11:00,콜롬비아,콩고민주공화국,1-0,1.0,0.0,,,false,45358,"Estadio Akron, Zapopan",모리지 마리니,4-1-4-1,5-3-2,네스토르 로렌소,세바스틴 데삽레,자메스 로드리구즈,찬켈 므벰바,64,37,9,1,20,7,1,8,2,1,0,0,12,16,5,4,12,14,10,7,7,0,
조별리그,3,목,2026-06-25,04:00,스위스,캐나다,2-1,2.0,1.0,,,false,52497,"BC Place Stadium, Vancouver",라몬 아바트티,4-2-2-2,4-2-2-2,무라트 야킨,제시 마시,그라니트 크스하카,조나트한 다비드,55,45,4,7,6,13,6,2,1,2,0,0,19,13,2,7,6,26,5,13,1,3,
조별리그,3,목,2026-06-25,04:00,보스니아 헤르체고비나,카타르,3-1,3.0,1.0,,,false,66925,"Lumen Field, Seattle",제수스 바렌주라,4-2-2-2,4-3-2-1,셀게즈 발바레즈,훌렌 로페테기,에딘 드제코,하스산 알-헤이도스,55,46,5,3,14,9,2,3,1,1,0,0,9,14,5,5,22,17,4,4,1,3,
조별리그,3,목,2026-06-25,07:00,스코틀랜드,브라질,0-3,0.0,3.0,,,false,64478,"Hard Rock Stadium, Miami Gardens",케살 알투로 라모스,4-2-3-1,4-1-4-1,스티브 클라크,카를로 안첼로티,안디 로베르트손,말쿤호스,46,54,5,9,14,21,5,5,1,2,0,0,10,11,7,6,23,12,2,13,0,1,
조별리그,3,목,2026-06-25,07:00,모로코,아이티,4-2,4.0,2.0,,,false,68239,"Mercedes-Benz Stadium, Atlanta",단니 막케리,4-2-2-2,4-2-2-2,모하메드 오비,세바스틴 믹네,아슈라프 하키미,조니 프라키데,69,31,11,2,22,9,1,8,0,3,0,0,10,18,9,1,22,3,7,14,5,0,
조별리그,3,목,2026-06-25,10:00,남아프리카공화국,대한민국,1-0,1.0,0.0,,,false,51243,"Estadio BBVA, Guadalupe",파쿤도 텔로,4-2-3-1,3-4-3,휘고 브로스,홍명보,론엔 일리므스,김민재,32,69,4,3,13,8,2,3,1,1,0,0,7,9,4,6,8,33,15,4,3,0,
조별리그,3,목,2026-06-25,10:00,체코,멕시코,0-3,0.0,3.0,,,false,80824,"Estadio Banorte, Coyoacán",일 팔콘,3-4-3,4-1-4-1,미로스랍 코이벡,하비에르 아기레,라디스랍 크레즈키,에드손 알바레즈,52,48,1,5,13,11,2,1,0,1,0,0,9,13,5,1,26,13,3,7,1,0,
조별리그,3,금,2026-06-26,05:00,퀴라소,코트디부아르,0-2,0.0,2.0,,,false,68324,"Lincoln Financial Field, Philadelphia",그렌느 니벡르,5-4-1,4-2-2-2,딕 아드보카트,에멜세 파,리느드로 바쿠나,프락느크 케스시,37,63,2,3,11,7,1,2,2,1,0,0,11,6,4,6,15,16,15,12,2,1,
조별리그,3,금,2026-06-26,05:00,에콰도르,독일,2-1,2.0,1.0,,,false,80663,"MetLife Stadium, East Rutherford",토리 펜소,4-2-2-2,4-2-3-1,세바스틴 베카크케케,율리안 나겔스만,모세스 카이케도,요주아 키미히,39,61,3,3,7,11,2,1,3,1,0,0,15,10,3,2,12,16,12,4,,,
조별리그,3,금,2026-06-26,08:00,튀니지,네덜란드,1-3,1.0,3.0,,,false,68391,"GEHA Field at Arrowhead Stadium, Kansas City",카티 갈키,5-4-1,4-1-4-1,에르베 르나르,로날드 쿠만,엘리스 스크히리,빌길 반 딕즈,29,72,4,7,10,20,4,3,0,0,0,0,11,10,4,6,13,28,8,10,2,1,
조별리그,3,금,2026-06-26,08:00,일본,스웨덴,1-1,1.0,1.0,,,false,70137,"AT&T Stadium, Arlington",이반 발톤,3-4-3,3-4-3,모리야스 하지메,그레이엄 포터,코 이타쿠라,비크톨 린데로프,52,48,3,5,8,11,4,2,1,2,0,0,20,11,2,8,13,16,4,5,3,2,
조별리그,3,금,2026-06-26,11:00,튀르키예,미국,3-2,3.0,2.0,,,false,70492,"SoFi Stadium, Inglewood",무스탑하 골발,5-4-1,4-2-3-1,빈첸초 몬텔라,마우리시오 포체티노,제키 케릭,웨스턴 맥케니,48,53,3,7,9,18,5,0,0,1,0,0,13,13,2,9,11,18,8,11,2,5,
조별리그,3,금,2026-06-26,11:00,파라과이,호주,0-0,0.0,0.0,,,false,68827,"Levi's Stadium, Santa Clara",크레메느트 툴핀,5-3-2,3-4-3,구스타보 알파로,토니 포포비크,구스타보 고메즈,할리 소이트탈,44,56,2,5,7,12,5,2,1,1,0,0,9,6,1,3,7,13,8,7,,,
조별리그,3,토,2026-06-27,04:00,노르웨이,프랑스,1-4,1.0,4.0,,,false,64146,"Gillette Stadium, Foxborough",미크할 오리벨,4-1-4-1,4-2-3-1,스톨레 솔바켄,구 스텝한,파트릭크 벡르,킬리안 음바페,43,57,4,9,10,18,5,2,1,1,0,0,9,11,4,5,9,9,13,11,1,2,
조별리그,3,토,2026-06-27,04:00,세네갈,이라크,5-0,5.0,0.0,,,false,43036,"BMO Field, Toronto",아느트호니 테이롤,4-1-4-1,4-2-3-1,파페 시,그레이엄 아널드,이드리스사 구,입라힘 바시,69,31,12,1,28,6,1,7,2,2,0,1,10,11,12,3,25,6,2,7,1,0,
조별리그,3,토,2026-06-27,09:00,우루과이,스페인,0-1,0.0,1.0,,,false,45065,"Estadio Akron, Zapopan",이스말이 엘파트,4-1-4-1,4-1-4-1,마르셀로 비엘사,루이스 데라푸엔테,페데리코 발벨데,로드리,33,67,1,1,5,6,0,1,3,1,1,0,14,14,1,6,16,12,14,9,5,2,
조별리그,3,토,2026-06-27,09:00,카보베르데,사우디아라비아,0-0,0.0,0.0,,,false,68278,"Reliant Stadium, Houston",프란코스 레테크실,4-1-4-1,4-2-3-1,부비스타,겔기스 도니스,린 멘데스,사렘 알-다사리,51,49,2,3,15,7,3,2,1,3,0,0,10,16,4,2,18,10,13,10,2,0,
조별리그,3,토,2026-06-27,12:00,이집트,이란,1-1,1.0,1.0,,,false,66925,"Lumen Field, Seattle",스지몬 말키닉,4-2-2-2,5-4-1,호삼 하산,아밀 가레노이,모하메드 살라,메디 타레미,61,39,3,4,15,13,1,2,3,4,0,0,11,16,8,2,15,10,7,8,0,3,
조별리그,3,토,2026-06-27,12:00,뉴질랜드,벨기에,1-5,1.0,5.0,,,false,52497,"BC Place Stadium, Vancouver",아드함 막하드메,4-2-3-1,4-2-3-1,달렌 바제레이,뤼디 가르시아,크흐리스 우드,이리 티레마느스,45,55,2,10,6,35,5,1,2,0,0,0,10,7,5,8,17,16,6,10,1,1,
조별리그,3,일,2026-06-28,06:00,크로아티아,가나,2-1,2.0,1.0,,,false,68324,"Lincoln Financial Field, Philadelphia",드레 피스크헬,4-2-3-1,4-1-4-1,즐라트코 달리치,카를루스 케이로스,루카 모드리크,졸단 아,53,47,4,1,8,6,0,2,1,1,0,0,9,13,3,2,15,12,4,10,1,2,
조별리그,3,일,2026-06-28,06:00,파나마,잉글랜드,0-2,0.0,2.0,,,false,80663,"MetLife Stadium, East Rutherford",압둘라만 입라힘 알 자스심,5-4-1,4-2-3-1,소마스 크흐리스틴센,토마스 투헬,일 발케나스,해리 케인,33,67,2,6,13,17,4,2,2,1,0,0,16,13,3,7,9,25,6,5,4,4,
조별리그,3,일,2026-06-28,08:30,콩고민주공화국,우즈베키스탄,3-1,3.0,1.0,,,false,68239,"Mercedes-Benz Stadium, Atlanta",페리스 즈알,4-2-2-2,3-4-3,세바스틴 데삽레,파비오 칸나바로,찬켈 므벰바,엘돌 소무로돕,58,42,4,1,19,3,1,1,3,2,0,0,6,16,2,4,21,16,7,12,3,1,
조별리그,3,일,2026-06-28,08:30,콜롬비아,포르투갈,0-0,0.0,0.0,,,false,64478,"Hard Rock Stadium, Miami Gardens",아리레자 팍하니,4-1-4-1,4-2-3-1,네스토르 로렌소,로베르토 마르티네스,자메스 로드리구즈,크리스티아누 호날두,55,45,6,2,24,13,2,6,1,0,0,0,12,6,5,2,10,14,5,11,3,2,
조별리그,3,일,2026-06-28,11:00,요르단,아르헨티나,1-3,1.0,3.0,,,false,70649,"AT&T Stadium, Arlington",이스트반 코바크스,5-4-1,4-1-4-1,자말 셀라미,리오넬 스칼로니,이산 하드다드,니코라스 오타멘디,27,73,1,4,5,12,1,0,3,0,0,0,13,7,2,6,7,5,19,12,1,3,
조별리그,3,일,2026-06-28,11:00,알제리,오스트리아,3-3,3.0,3.0,,,false,69045,"GEHA Field at Arrowhead Stadium, Kansas City",일기즈 탄타스헵,4-2-3-1,4-1-3-2,브라디밀 페트코비크,랄프 랑닉,리드 마레즈,다비드 아라바,65,35,5,3,12,10,0,2,0,1,0,0,3,7,0,3,5,13,3,10,1,3,
32강,,월,2026-06-29,04:00,남아프리카공화국,캐나다,0-1,0.0,1.0,,,false,69237,"SoFi Stadium, Inglewood",조 핀헤로,4-2-3-1,4-2-2-2,휘고 브로스,제시 마시,론엔 일리므스,스텝헨 으스타쿠,58,42,1,7,6,12,5,1,0,2,0,0,10,16,1,4,8,12,16,8,1,0,
32강,,화,2026-06-30,02:00,브라질,일본,2-1,2.0,1.0,,,false,68777,"Reliant Stadium, Houston",모리지 마리니,4-1-4-1,3-4-3,카를로 안첼로티,모리야스 하지메,말쿤호스,리트수 돈,69,31,7,2,19,5,1,4,2,3,0,0,4,13,6,2,40,10,9,5,1,0,
32강,,화,2026-06-30,05:30,독일,파라과이,1-1,1,1,3,4,true,63945,"Gillette Stadium, Foxborough",자랄 자드,4-2-2-2,4-1-4-1,율리안 나겔스만,구스타보 알파로,요주아 키미히,구스타보 고메즈,75,25,6,3,21,7,2,6,3,3,0,0,18,12,16,6,56,21,4,13,4,1,연장전 후 승부차기에서 파라과이 승리
32강,,화,2026-06-30,10:00,네덜란드,모로코,1-1,1,1,2,3,true,51243,"Estadio BBVA, Guadalupe",일톤 삼파,3-4-3,4-2-3-1,로날드 쿠만,모하메드 오비,빌길 반 딕즈,아슈라프 하키미,30,70,2,5,6,11,5,1,0,1,0,0,18,15,5,8,10,18,11,10,3,0,연장전 후 승부차기에서 모로코 승리
32강,,수,2026-07-01,02:00,코트디부아르,노르웨이,1-2,1.0,2.0,,,false,69665,"AT&T Stadium, Arlington",제수스 바렌주라,4-1-4-1,4-1-4-1,에멜세 파,스톨레 솔바켄,프락느크 케스시,말틴 데가르드,47,53,5,4,14,9,1,4,0,1,0,0,6,7,14,3,29,10,4,6,2,2,
32강,,수,2026-07-01,06:00,프랑스,스웨덴,3-0,3.0,0.0,,,false,80663,"MetLife Stadium, East Rutherford",단니 막케리,4-2-3-1,4-2-2-2,디디에 데샹,그레이엄 포터,킬리안 음바페,비크톨 린데로프,61,39,12,3,25,8,3,9,0,0,0,0,14,10,9,1,16,10,5,12,3,1,
32강,,수,2026-07-01,11:00,멕시코,에콰도르,2-0,2.0,0.0,,,false,80824,"Estadio Banorte, Coyoacán",스랍코 빈키크,4-1-4-1,4-2-2-2,하비에르 아기레,세바스틴 베카크케케,케살 몬테스,모세스 카이케도,43,57,3,1,15,7,1,1,0,3,0,1,10,14,3,8,7,25,7,6,0,1,
32강,,목,2026-07-02,01:00,잉글랜드,콩고민주공화국,2-1,2.0,1.0,,,false,68239,"Mercedes-Benz Stadium, Atlanta",아드함 막하드메,4-2-3-1,4-1-4-1,토마스 투헬,세바스틴 데삽레,해리 케인,찬켈 므벰바,60,40,7,2,16,7,1,5,1,1,0,0,10,12,5,3,43,13,7,3,0,4,
32강,,목,2026-07-02,05:00,벨기에,세네갈,3-2,3.0,2.0,,,false,66925,"Lumen Field, Seattle",사이드 말티네즈,4-2-3-1,4-1-4-1,뤼디 가르시아,파페 시,이리 티레마느스,이드리스사 구,52,48,5,5,19,19,3,3,2,1,0,0,22,12,4,2,26,22,8,11,2,2,연장전 진행
32강,,목,2026-07-02,09:00,미국,보스니아 헤르체고비나,2-0,2.0,0.0,,,false,68827,"Levi's Stadium, Santa Clara",랍할 크로스,4-1-4-1,5-3-2,마우리시오 포체티노,셀게즈 발바레즈,팀 림,에딘 드제코,48,52,2,3,8,10,3,0,0,2,1,0,7,13,4,3,14,13,8,8,3,0,
32강,,금,2026-07-03,04:00,스페인,오스트리아,3-0,3.0,0.0,,,false,70492,"SoFi Stadium, Inglewood",그렌느 니벡르,4-2-3-1,4-2-3-1,루이스 데라푸엔테,랄프 랑닉,로드리,다비드 아라바,65,36,10,0,23,5,0,6,0,1,0,0,8,15,9,0,22,13,6,7,2,5,
32강,,금,2026-07-03,08:00,포르투갈,크로아티아,2-1,2.0,1.0,,,false,43036,"BMO Field, Toronto",에스펜 에스카스,4-2-3-1,4-2-3-1,로베르토 마르티네스,즐라트코 달리치,크리스티아누 호날두,루카 모드리크,61,40,3,6,15,13,5,2,1,2,0,0,6,12,9,5,20,22,5,9,1,4,
32강,,금,2026-07-03,12:00,스위스,알제리,2-0,2.0,0.0,,,false,52497,"BC Place Stadium, Vancouver",일 팔콘,4-2-3-1,4-1-4-1,무라트 야킨,브라디밀 페트코비크,그라니트 크스하카,리드 마레즈,45,55,5,2,11,8,2,2,0,2,0,0,10,12,4,2,14,6,17,9,0,2,
32강,,토,2026-07-04,03:00,호주,이집트,1-1,1,1,2,4,true,70244,"AT&T Stadium, Arlington",구스타보 테제라,3-4-3,4-2-2-2,토니 포포비크,호삼 하산,할리 소이트탈,모하메드 살라,42,58,1,3,16,14,3,1,0,2,0,0,12,14,4,7,24,24,9,8,0,3,연장전 후 승부차기에서 이집트 승리
32강,,토,2026-07-04,07:00,아르헨티나,카보베르데,3-2,3.0,2.0,,,false,64478,"Hard Rock Stadium, Miami Gardens",드레 피스크헬,4-2-2-2,4-1-4-1,리오넬 스칼로니,부비스타,리오넬 메시,린 멘데스,64,37,10,5,22,16,3,8,1,1,0,0,13,12,8,8,15,21,9,10,3,2,연장전 진행
32강,,토,2026-07-04,10:30,콜롬비아,가나,1-0,1.0,0.0,,,false,69045,"GEHA Field at Arrowhead Stadium, Kansas City",크레메느트 툴핀,4-1-4-1,4-1-4-1,네스토르 로렌소,카를루스 케이로스,자메스 로드리구즈,졸단 아,61,39,8,0,20,8,0,7,2,3,0,0,14,10,3,2,15,15,5,5,2,0,
16강,,일,2026-07-05,02:00,캐나다,모로코,0-3,0.0,3.0,,,false,68777,"Reliant Stadium, Houston",미크할 오리벨,4-2-2-2,4-2-3-1,제시 마시,모하메드 오비,스텝헨 으스타쿠,아슈라프 하키미,45,55,3,4,10,5,1,3,4,4,0,0,24,14,11,1,29,5,5,8,2,3,
16강,,일,2026-07-05,06:00,파라과이,프랑스,0-1,0.0,1.0,,,false,68324,"Lincoln Financial Field, Philadelphia",일기즈 탄타스헵,5-4-1,4-2-3-1,구스타보 알파로,디디에 데샹,구스타보 고메즈,킬리안 음바페,24,76,0,5,5,15,4,0,0,3,0,0,13,11,2,12,4,23,14,10,,,
16강,,월,2026-07-06,05:00,브라질,노르웨이,1-2,1.0,2.0,,,false,80663,"MetLife Stadium, East Rutherford",이스말이 엘파트,4-2-2-2,4-1-4-1,카를로 안첼로티,스톨레 솔바켄,말쿤호스,말틴 데가르드,34,66,4,5,14,9,3,3,1,0,0,0,7,6,5,5,16,13,11,6,1,1,
16강,,월,2026-07-06,10:00,멕시코,잉글랜드,2-3,2.0,3.0,,,false,80824,"Estadio Banorte, Coyoacán",아리레자 팍하니,4-1-4-1,4-2-3-1,하비에르 아기레,토마스 투헬,케살 몬테스,해리 케인,67,33,5,5,20,6,2,3,2,4,0,1,14,7,12,2,49,4,7,4,1,0,
16강,,화,2026-07-07,04:00,포르투갈,스페인,0-1,0.0,1.0,,,false,70649,"AT&T Stadium, Arlington",아느트호니 테이롤,4-2-3-1,4-2-3-1,로베르토 마르티네스,루이스 데라푸엔테,크리스티아누 호날두,로드리,45,56,2,6,10,15,5,2,2,1,0,0,9,13,3,7,13,16,7,5,2,1,
16강,,화,2026-07-07,09:00,미국,벨기에,1-4,1.0,4.0,,,false,66925,"Lumen Field, Seattle",아드함 막하드메,4-1-4-1,4-2-3-1,마우리시오 포체티노,뤼디 가르시아,팀 림,이리 티레마느스,56,44,2,7,7,15,3,1,2,0,0,0,11,9,3,5,11,14,9,9,0,1,
16강,,수,2026-07-08,01:00,아르헨티나,이집트,3-2,3.0,2.0,,,false,68239,"Mercedes-Benz Stadium, Atlanta",프란코스 레테크실,4-1-3-2,4-2-2-2,리오넬 스칼로니,호삼 하산,리오넬 메시,모하메드 살라,64,36,7,2,19,5,0,3,0,5,0,0,13,11,6,1,26,8,7,10,3,0,
16강,,수,2026-07-08,05:00,스위스,콜롬비아,0-0,0,0,4,3,true,52497,"BC Place Stadium, Vancouver",이반 발톤,4-1-4-1,4-2-3-1,무라트 야킨,네스토르 로렌소,그라니트 크스하카,자메스 로드리구즈,53,47,2,3,7,15,3,2,3,2,0,0,22,21,3,7,15,18,13,12,5,4,연장전 후 승부차기에서 스위스 승리
8강,,금,2026-07-10,05:00,프랑스,모로코,2-0,2.0,0.0,,,false,63811,"Gillette Stadium, Foxborough",파쿤도 텔로,4-2-3-1,4-2-3-1,디디에 데샹,모하메드 오비,킬리안 음바페,아슈라프 하키미,48,52,8,1,22,5,1,5,0,1,0,0,10,13,5,5,12,13,11,6,,,
8강,,토,2026-07-11,04:00,스페인,벨기에,2-1,2.0,1.0,,,false,70492,"SoFi Stadium, Inglewood",미크할 오리벨,4-2-3-1,4-2-3-1,루이스 데라푸엔테,뤼디 가르시아,로드리,케빈 더브라위너,68,32,8,2,17,5,1,6,2,2,0,0,13,18,5,1,19,10,4,10,3,1,
8강,,일,2026-07-12,06:00,노르웨이,잉글랜드,1-2,1.0,2.0,,,false,64478,"Hard Rock Stadium, Miami Gardens",크레메느트 툴핀,4-1-4-1,4-2-3-1,스톨레 솔바켄,토마스 투헬,말틴 데가르드,해리 케인,48,52,4,8,13,14,6,3,1,0,0,0,10,8,7,4,19,21,8,7,1,5,연장전 진행
8강,,일,2026-07-12,10:00,아르헨티나,스위스,3-1,3.0,1.0,,,false,69045,"GEHA Field at Arrowhead Stadium, Kansas City",조 핀헤로,4-1-3-2,4-2-3-1,리오넬 스칼로니,무라트 야킨,리오넬 메시,그라니트 크스하카,59,41,7,5,22,11,4,4,3,2,0,1,14,18,8,2,22,19,12,6,4,3,연장전 진행
4강,,수,2026-07-15,04:00,프랑스,스페인,0-2,0.0,2.0,,,false,70176,"AT&T Stadium, Arlington",이반 발톤,4-2-3-1,4-2-3-1,디디에 데샹,루이스 데라푸엔테,킬리안 음바페,로드리,49,51,3,2,10,10,0,3,2,1,0,0,11,12,7,1,20,8,8,7,4,5,
4강,,목,2026-07-16,04:00,잉글랜드,아르헨티나,1-2,1.0,2.0,,,false,68239,"Mercedes-Benz Stadium, Atlanta",이스말이 엘파트,4-2-3-1,4-1-4-1,토마스 투헬,리오넬 스칼로니,해리 케인,리오넬 메시,36,64,2,5,5,15,3,1,1,3,0,0,11,15,1,6,15,19,9,6,1,3,
3·4위전,,일,2026-07-19,06:00,프랑스,잉글랜드,4-6,4.0,6.0,,,false,64478,"Hard Rock Stadium, Miami Gardens",제수스 바렌주라,4-2-3-1,4-1-4-1,디디에 데샹,토마스 투헬,킬리안 음바페,데클란 라이스,46,54,9,11,19,19,4,5,0,0,0,0,14,8,3,4,6,12,8,11,3,3,
결승,,월,2026-07-20,04:00,스페인,아르헨티나,1-0,1.0,0.0,,,false,80663,"MetLife Stadium, East Rutherford",스랍코 빈키크,4-2-3-1,4-2-2-2,루이스 데라푸엔테,리오넬 스칼로니,로드리,리오넬 메시,65,35,12,0,20,2,0,11,0,7,0,1,21,25,9,4,27,8,11,16,4,1,연장전 진행
