순위,선수,팀,타율,경기,타석,타수,득점,안타,2루타,3루타,홈런,루타,타점,도루,도루 실패,볼넷,사구,삼진,병살,장타율,출루율,OPS,실책,희생플라이,희생번트,장타,땅볼,뜬공,땅볼/뜬공,결승타,투구수/타석,추정득점,고의사구,멀티히트,득점권타율,대타타율,볼넷/삼진,순수장타율,GPA,wRC+,wOBA,WAR,BABIP,볼넷비율,삼진비율,RC,SecA
1,박찬호,KIA,0.287,134,595,516,75,148,18,2,5,185,42,27,6,62,3,69,7,0.359,0.363,0.722,16,6,8,25,138,167,0.83,3,3.86,75.1,0,37,0.294,0,0.9,0.072,0.253,102.9,0.341,4.2,0.319,10.4,11.6,67.2,0.233
2,최형우,KIA,0.307,133,549,469,74,144,30,1,24,248,86,1,0,67,8,98,9,0.529,0.399,0.928,0,5,0,55,103,129,0.8,9,3.99,95.1,8,38,0.294,0.6,0.68,0.222,0.312,156.6,0.416,5,0.341,12.2,17.9,97.6,0.367
3,위즈덤,KIA,0.236,119,486,424,73,100,20,1,35,227,85,3,0,52,4,142,9,0.535,0.321,0.856,13,6,0,56,67,121,0.55,5,4.39,75.8,2,25,0.207,0.2,0.37,0.3,0.278,125.4,0.372,3.5,0.257,10.7,29.2,72.5,0.429
4,오선우,KIA,0.265,124,474,437,58,116,17,1,18,189,56,0,2,34,3,158,11,0.432,0.323,0.755,11,0,0,36,92,71,1.3,7,4.07,56.7,2,32,0.239,0.143,0.22,0.167,0.253,103.5,0.342,1.6,0.375,7.2,33.3,60.2,0.24
5,김호령,KIA,0.283,105,381,332,46,94,26,3,6,144,39,12,1,34,6,94,4,0.434,0.359,0.793,6,1,8,35,55,90,0.61,1,3.8,52.5,0,26,0.27,0,0.36,0.151,0.27,119.9,0.365,3.1,0.378,8.9,24.7,50.4,0.286
6,나성범,KIA,0.268,82,310,261,30,70,16,0,10,116,36,0,0,42,6,79,6,0.444,0.381,0.825,0,1,0,26,52,61,0.85,4,4.14,44.5,1,16,0.257,0.4,0.53,0.176,0.282,131.6,0.381,2.4,0.347,13.5,25.5,42.9,0.337
7,김선빈,KIA,0.321,84,308,271,31,87,18,1,3,116,46,4,0,31,3,35,9,0.428,0.395,0.823,9,1,2,22,85,65,1.31,5,3.93,43,0,25,0.352,0.333,0.89,0.107,0.285,133.2,0.383,1.6,0.359,10.1,11.4,45.3,0.236
8,한준수,KIA,0.225,103,276,244,33,55,12,1,7,90,26,0,0,26,3,48,4,0.369,0.304,0.673,3,3,0,20,59,85,0.69,4,3.94,29.3,1,11,0.197,0.261,0.54,0.143,0.229,81.1,0.311,1,0.25,9.4,17.4,27,0.25
9,김태군,KIA,0.258,100,274,236,20,61,10,1,5,88,31,0,0,17,10,20,9,0.373,0.331,0.704,7,3,8,16,78,80,0.98,3,3.5,29.2,1,16,0.278,0,0.85,0.114,0.242,92.9,0.327,1.5,0.262,6.2,7.3,27.1,0.186
10,김규성,KIA,0.233,133,222,193,30,45,4,0,3,58,16,5,2,21,2,49,1,0.301,0.313,0.614,10,1,5,7,47,53,0.89,2,3.8,20.8,0,9,0.204,0.714,0.43,0.067,0.216,69.4,0.295,0.1,0.296,9.5,22.1,17.9,0.192
11,윤도현,KIA,0.275,40,160,149,24,41,7,2,6,70,17,2,1,8,1,36,1,0.47,0.316,0.786,9,0,2,15,35,37,0.95,1,3.63,21.6,0,12,0.296,0,0.22,0.195,0.26,109.9,0.351,-0.1,0.327,5,22.5,21.8,0.255
12,변우혁,KIA,0.218,47,153,142,11,31,7,0,0,38,17,0,0,10,1,47,3,0.268,0.275,0.543,4,0,0,7,28,36,0.78,3,3.95,9.3,0,9,0.311,0.2,0.21,0.049,0.191,44.2,0.26,-0.1,0.326,6.5,30.7,10.3,0.12
13,김석환,KIA,0.265,47,134,117,14,31,1,2,2,42,16,0,0,14,2,55,0,0.359,0.351,0.71,0,1,0,5,22,10,2.2,3,4.51,16.3,0,7,0.345,0.625,0.25,0.094,0.248,98.9,0.336,0.4,0.475,10.4,41,14.4,0.214
14,고종욱,KIA,0.296,46,123,115,13,34,2,0,3,45,16,2,1,5,0,17,2,0.391,0.317,0.708,0,3,0,5,35,32,1.09,3,3.46,14.9,1,7,0.321,0.438,0.29,0.096,0.24,87.3,0.319,0.3,0.316,4.1,13.8,14.6,0.148
15,김도영,KIA,0.309,30,122,110,20,34,9,0,7,64,27,3,0,10,0,23,3,0.582,0.361,0.943,5,2,0,16,22,33,0.67,5,3.64,22,1,10,0.294,1,0.43,0.273,0.308,152.3,0.41,1.4,0.329,8.2,18.9,23.5,0.391
16,이창진,KIA,0.161,37,113,93,11,15,3,0,1,21,9,0,2,16,2,22,2,0.226,0.295,0.521,1,1,1,4,28,29,0.97,2,4.27,7.1,0,2,0.143,0.5,0.73,0.065,0.189,48.7,0.266,-0.4,0.197,14.2,19.5,6,0.215
17,박민,KIA,0.202,71,105,94,11,19,5,0,1,27,6,1,0,5,3,33,1,0.287,0.265,0.552,3,0,3,6,19,23,0.83,0,3.78,7.2,0,4,0.211,0.25,0.15,0.085,0.191,45.5,0.262,0.5,0.3,4.8,31.4,6.5,0.149
18,박정우,KIA,0.274,53,75,62,17,17,2,0,0,19,4,2,1,10,3,12,1,0.306,0.4,0.706,0,0,0,2,17,16,1.06,0,3.92,8.9,0,2,0.267,0,0.83,0.032,0.257,110.9,0.352,0.2,0.34,13.3,16,7.1,0.21
19,박재현,KIA,0.081,58,69,62,11,5,1,0,0,6,3,4,3,6,0,26,0,0.097,0.159,0.256,3,1,0,1,17,15,1.13,0,3.81,-0.4,0,0,0.059,0.143,0.23,0.016,0.096,-43,0.139,-1.5,0.135,8.7,37.7,1,0.129
20,황대인,KIA,0.189,18,57,53,3,10,3,0,1,16,8,0,0,3,0,14,0,0.302,0.228,0.53,2,1,0,4,16,14,1.14,0,4.05,4,0,3,0.25,0,0.21,0.113,0.178,30.8,0.241,-0.5,0.231,5.3,24.6,3.7,0.17
21,정해원,KIA,0.075,24,46,40,5,3,0,0,0,3,0,0,0,5,1,14,4,0.075,0.196,0.271,1,0,0,0,11,12,0.92,0,4.13,-1.4,0,0,0.091,0.167,0.36,0,0.107,-27.8,0.16,-0.5,0.115,10.9,30.4,0.5,0.125
22,서건창,KIA,0.136,10,26,22,1,3,1,0,1,7,2,1,0,2,0,5,1,0.318,0.208,0.526,0,0,2,2,8,6,1.33,0,3.69,1.5,0,0,0,0.333,0.4,0.182,0.173,29.5,0.239,0.1,0.125,7.7,19.2,1.5,0.318
23,한승택,KIA,0.238,15,23,21,3,5,1,0,0,6,0,0,0,1,1,7,1,0.286,0.304,0.59,0,0,0,1,6,3,2,0,3.7,1.5,0,1,0.125,0.333,0.14,0.048,0.208,62.1,0.285,0.1,0.357,4.3,30.4,1.6,0.095
24,정현창,KIA,0.263,16,21,19,4,5,0,0,0,5,0,0,1,2,0,5,0,0.263,0.333,0.596,0,0,0,0,2,7,0.29,0,3.71,1.6,0,0,0,0.25,0.4,0,0.216,68.3,0.293,0,0.357,9.5,23.8,1.7,0.053
25,주효상,KIA,0.333,8,17,15,1,5,2,0,0,7,1,0,0,2,0,4,0,0.467,0.412,0.879,1,0,0,2,3,3,1,0,4.29,2.7,0,1,0.667,0,0.5,0.133,0.302,149.6,0.406,0.2,0.455,11.8,23.5,2.9,0.267
26,박헌,KIA,0.083,8,14,12,0,1,0,0,0,1,0,0,0,1,1,3,0,0.083,0.214,0.297,0,0,0,0,4,4,1,0,4.07,0.2,0,0,0,0,0.33,0,0.117,-16.3,0.176,-0.2,0.111,7.1,21.4,0.2,0.083
27,최정용,KIA,0.167,4,6,6,0,1,0,0,0,1,0,0,0,0,0,2,1,0.167,0.167,0.334,0,0,0,0,1,2,0.5,0,3.67,-0.3,0,0,0,0,0,0,0.117,-31.4,0.155,0,0.25,0,33.3,0.2,0
28,김기훈,KIA,0,2,1,1,0,0,0,0,0,0,0,0,0,0,0,1,0,0,0,0,0,0,0,0,0,0,0,0,3,-0.1,0,0,0,0,0,0,0,-142.9,0,0,0,0,100,0,0
29,황동하,KIA,0,3,0,0,0,0,0,0,0,0,0,0,0,0,0,0,0,0,0,0,0,0,0,0,0,0,0,0,0,0,0,0,0,0,0,0,0,0,0,0,0,0,0,0,0
29,조상우,KIA,0,2,0,0,0,0,0,0,0,0,0,0,0,0,0,0,0,0,0,0,2,0,0,0,0,0,0,0,0,0,0,0,0,0,0,0,0,0,0,0,0,0,0,0,0
29,정해영,KIA,0,1,0,0,0,0,0,0,0,0,0,0,0,0,0,0,0,0,0,0,1,0,0,0,0,0,0,0,0,0,0,0,0,0,0,0,0,0,0,0,0,0,0,0,0
29,이성원,KIA,0,1,0,0,0,0,0,0,0,0,0,0,0,0,0,0,0,0,0,0,0,0,0,0,0,0,0,0,0,0,0,0,0,0,0,0,0,0,0,0,0,0,0,0,0
29,김현수,KIA,0,1,0,0,0,0,0,0,0,0,0,0,0,0,0,0,0,0,0,0,0,0,0,0,0,0,0,0,0,0,0,0,0,0,0,0,0,0,0,0,0,0,0,0,0
29,김시훈,KIA,0,4,0,0,0,0,0,0,0,0,0,0,0,0,0,0,0,0,0,0,0,0,0,0,0,0,0,0,0,0,0,0,0,0,0,0,0,0,0,0,0,0,0,0,0
29,이준영,KIA,0,1,0,0,0,0,0,0,0,0,0,0,0,0,0,0,0,0,0,0,1,0,0,0,0,0,0,0,0,0,0,0,0,0,0,0,0,0,0,0,0,0,0,0,0
29,전상현,KIA,0,1,0,0,0,0,0,0,0,0,0,0,0,0,0,0,0,0,0,0,2,0,0,0,0,0,0,0,0,0,0,0,0,0,0,0,0,0,0,0,0,0,0,0,0
29,김대유,KIA,0,1,0,0,0,0,0,0,0,0,0,0,0,0,0,0,0,0,0,0,0,0,0,0,0,0,0,0,0,0,0,0,0,0,0,0,0,0,0,0,0,0,0,0,0
29,한재승,KIA,0,2,0,0,0,0,0,0,0,0,0,0,0,0,0,0,0,0,0,0,0,0,0,0,0,0,0,0,0,0,0,0,0,0,0,0,0,0,0,0,0,0,0,0,0
1,안현민,KT,0.334,112,482,395,72,132,19,4,22,225,80,7,1,75,9,72,4,0.57,0.448,1.018,8,3,0,45,93,101,0.92,7,4.2,97.5,5,38,0.333,0,1.04,0.235,0.344,185.9,0.456,7,0.362,15.6,14.9,99.1,0.441
2,허경민,KT,0.283,114,481,420,47,119,18,0,4,149,44,4,1,39,15,35,14,0.355,0.362,0.717,10,4,3,22,129,141,0.91,5,3.88,54.9,1,33,0.29,0,1.11,0.071,0.252,102.2,0.34,3,0.299,8.1,7.3,51.3,0.171
3,장성우,KT,0.247,129,480,413,44,102,13,0,14,157,58,0,1,55,2,96,13,0.38,0.333,0.713,5,8,2,27,86,137,0.63,8,4.01,55.5,1,25,0.191,0.25,0.57,0.133,0.245,94.8,0.33,2.2,0.283,11.5,20,52.7,0.264
4,황재균,KT,0.275,112,424,385,50,106,19,0,7,146,48,3,1,34,2,84,2,0.379,0.336,0.715,5,2,1,26,84,113,0.74,3,3.91,50.4,1,31,0.403,0.111,0.4,0.104,0.246,96,0.332,0.7,0.334,8,19.8,48.8,0.197
5,김상수,KT,0.254,113,423,355,42,90,14,0,5,119,47,3,1,52,4,57,8,0.335,0.349,0.684,8,7,5,19,106,109,0.97,6,4.11,47.5,1,20,0.287,0.25,0.91,0.082,0.241,92.6,0.327,2.6,0.283,12.3,13.5,41.5,0.234
6,김민혁,KT,0.287,106,417,380,52,109,12,2,0,125,35,11,3,25,7,41,12,0.329,0.341,0.67,2,1,4,14,145,86,1.69,7,3.63,41.4,1,29,0.262,0.286,0.61,0.042,0.236,86.5,0.318,0.3,0.321,6,9.8,41.4,0.129
7,로하스,KT,0.239,95,384,331,48,79,20,0,14,141,43,1,1,48,1,71,9,0.426,0.333,0.759,4,4,0,34,82,103,0.8,11,4.02,48.2,3,18,0.227,0.167,0.68,0.187,0.256,106.5,0.346,1.6,0.26,12.5,18.5,47.2,0.332
8,강백호,KT,0.265,95,369,321,41,85,18,1,15,150,61,2,4,44,3,64,9,0.467,0.358,0.825,1,1,0,34,86,87,0.99,7,3.91,51.2,3,21,0.3,0.5,0.69,0.202,0.278,126.7,0.374,1.8,0.288,11.9,17.3,53,0.333
9,권동진,KT,0.225,123,309,271,34,61,12,3,1,82,25,3,1,30,1,91,8,0.303,0.304,0.607,15,1,6,16,66,54,1.22,1,4.08,24.5,0,12,0.27,0.5,0.33,0.077,0.213,66.3,0.29,1,0.333,9.7,29.4,24.8,0.196
10,배정대,KT,0.204,99,276,240,25,49,11,2,2,70,28,6,3,19,7,65,4,0.292,0.279,0.571,1,3,7,15,70,59,1.19,2,3.95,21,0,11,0.281,0.143,0.29,0.088,0.199,52.8,0.272,-0.2,0.267,6.9,23.6,18.4,0.179
11,문상철,KT,0.214,79,209,173,22,37,6,1,5,60,20,1,1,25,5,44,3,0.347,0.325,0.672,0,3,3,12,44,51,0.86,1,3.96,22.6,0,6,0.178,0.25,0.57,0.133,0.233,86.2,0.318,0.1,0.252,12,21.1,18.8,0.277
12,오윤석,KT,0.256,77,184,156,30,40,8,1,0,50,19,0,0,12,7,41,4,0.321,0.335,0.656,1,1,8,9,45,31,1.45,0,4.01,17.2,0,8,0.302,0.3,0.29,0.064,0.231,83.8,0.315,0.7,0.345,6.5,22.3,15.5,0.141
13,스티븐슨,KT,0.262,39,168,149,26,39,12,0,3,60,14,2,0,14,4,43,2,0.403,0.341,0.744,2,0,1,15,38,29,1.31,0,3.93,20.5,0,12,0.258,0,0.33,0.141,0.254,105.5,0.345,0.6,0.35,8.3,25.6,19.5,0.248
14,장진혁,KT,0.209,86,157,139,19,29,3,1,4,46,19,1,0,13,0,46,1,0.331,0.275,0.606,1,1,4,8,35,30,1.17,3,3.97,14,0,5,0.184,0.167,0.28,0.122,0.207,59.3,0.281,0.1,0.278,8.3,29.3,12.7,0.223
15,장준원,KT,0.207,73,154,140,10,29,3,0,1,35,11,0,0,8,0,27,5,0.25,0.248,0.498,3,1,5,4,57,28,2.04,0,3.62,7.3,0,6,0.182,0,0.3,0.043,0.174,27.2,0.236,0.3,0.248,5.2,17.5,8.8,0.1
16,이정훈,KT,0.258,59,148,132,20,34,4,0,4,50,14,0,1,13,3,48,4,0.379,0.338,0.717,1,0,0,8,28,22,1.27,2,4.14,16.1,0,6,0.258,0.286,0.27,0.121,0.247,98.1,0.334,0,0.375,8.8,32.4,16.2,0.212
17,조대현,KT,0.187,64,90,75,7,14,4,0,0,18,11,0,0,7,2,22,0,0.24,0.274,0.514,7,0,6,4,19,20,0.95,1,3.88,5.5,0,1,0.348,0.5,0.32,0.053,0.183,40.1,0.254,-0.5,0.264,7.8,24.4,4.6,0.147
18,강현우,KT,0.188,40,78,64,5,12,1,0,1,16,8,0,0,10,0,14,1,0.25,0.293,0.543,4,1,3,2,18,21,0.86,2,3.71,5.9,0,2,0.235,0.364,0.71,0.063,0.194,50.8,0.269,-0.2,0.22,12.8,17.9,4.8,0.219
19,이호연,KT,0.343,32,75,70,8,24,7,0,1,34,8,0,0,3,1,14,2,0.486,0.378,0.864,1,0,1,8,24,8,3,0,3.4,10.9,0,5,0.3,0.389,0.21,0.143,0.292,139.5,0.392,0.4,0.418,4,18.7,12.6,0.186
20,안치영,KT,0.227,47,56,44,9,10,1,0,1,14,6,0,2,4,3,13,1,0.318,0.327,0.645,0,1,4,2,12,10,1.2,1,3.93,4.9,0,1,0.308,0,0.31,0.091,0.227,79.8,0.309,0,0.29,7.1,23.2,4.1,0.136
21,유준규,KT,0.118,35,41,34,13,4,2,0,0,6,3,2,1,7,0,13,0,0.176,0.268,0.444,0,0,0,2,11,6,1.83,0,3.83,2.1,0,0,0.111,0,0.54,0.059,0.165,28.7,0.238,-0.3,0.19,17.1,31.7,1.6,0.294
22,강민성,KT,0.033,25,36,30,0,1,0,0,0,1,1,0,0,5,0,15,1,0.033,0.167,0.2,0,1,0,0,4,11,0.36,0,4.75,-0.5,0,0,0,0,0.33,0,0.083,-48.5,0.131,-0.1,0.063,13.9,41.7,0.2,0.167
23,박민석,KT,0.263,19,21,19,5,5,1,1,0,8,1,0,1,2,0,4,0,0.421,0.333,0.754,2,0,0,2,8,2,4,0,3.67,2.3,0,1,0,0,0.5,0.158,0.255,107.3,0.347,-0.1,0.333,9.5,19,2.7,0.211
23,최성민,KT,0.105,32,21,19,3,2,0,0,0,2,2,1,0,1,0,5,0,0.105,0.15,0.255,1,0,1,0,8,4,2,0,3.9,0,0,0,0.5,0,0.2,0,0.094,-48.7,0.131,-0.4,0.143,4.8,23.8,0.3,0.105
25,윤준혁,KT,0.059,28,18,17,4,1,1,0,0,2,0,1,0,0,0,5,0,0.118,0.059,0.177,0,0,1,1,3,8,0.38,0,3.78,-0.5,0,0,0,0,0,0.059,0.056,-87.7,0.077,-0.6,0.083,0,27.8,0.1,0.118
26,김병준,KT,0.2,9,5,5,2,1,0,0,0,1,0,0,0,0,0,2,0,0.2,0.2,0.4,0,0,0,0,1,1,1,0,3.4,0.1,0,0,0,0,0,0,0.14,-9.2,0.186,-0.1,0.333,0,40,0.2,0
27,김건형,KT,0,2,1,1,0,0,0,0,0,0,0,0,0,0,0,0,0,0,0,0,0,0,0,0,1,0,0,0,1,-0.1,0,0,0,0,0,0,0,-142.9,0,0,0,0,0,0,0
28,김민석,KT,0,2,0,0,0,0,0,0,0,0,0,0,0,0,0,0,0,0,0,0,0,0,0,0,0,0,0,0,0,0,0,0,0,0,0,0,0,0,0,0,0,0,0,0,0
28,박경수,KT,0,1,0,0,0,0,0,0,0,0,0,0,0,0,0,0,0,0,0,0,0,0,0,0,0,0,0,0,0,0,0,0,0,0,0,0,0,0,0,0,0,0,0,0,0
28,오서진,KT,0,3,0,0,0,0,0,0,0,0,0,0,0,0,0,0,0,0,0,0,1,0,0,0,0,0,0,0,0,0,0,0,0,0,0,0,0,0,0,0,0,0,0,0,0
28,송민섭,KT,0,3,0,0,0,0,0,0,0,0,0,0,0,0,0,0,0,0,0,0,0,0,0,0,0,0,0,0,0,0,0,0,0,0,0,0,0,0,0,0,0,0,0,0,0
32,이정현,KT,0,2,0,0,0,0,0,0,0,0,0,0,0,0,0,0,0,0,0,0,0,0,0,0,0,0,0,0,0,0,0,0,0,0,0,0,0,0,0,0,0,0,0,0,0
32,주권,KT,0,2,0,0,0,0,0,0,0,0,0,0,0,0,0,0,0,0,0,0,0,0,0,0,0,0,0,0,0,0,0,0,0,0,0,0,0,0,0,0,0,0,0,0,0
32,김민수,KT,0,1,0,0,0,0,0,0,0,0,0,0,0,0,0,0,0,0,0,0,0,0,0,0,0,0,0,0,0,0,0,0,0,0,0,0,0,0,0,0,0,0,0,0,0
32,손동현,KT,0,1,0,0,0,0,0,0,0,0,0,0,0,0,0,0,0,0,0,0,2,0,0,0,0,0,0,0,0,0,0,0,0,0,0,0,0,0,0,0,0,0,0,0,0
32,이상동,KT,0,2,0,0,0,0,0,0,0,0,0,0,0,0,0,0,0,0,0,0,0,0,0,0,0,0,0,0,0,0,0,0,0,0,0,0,0,0,0,0,0,0,0,0,0
32,박건우,KT,0,2,0,0,0,0,0,0,0,0,0,0,0,0,0,0,0,0,0,0,0,0,0,0,0,0,0,0,0,0,0,0,0,0,0,0,0,0,0,0,0,0,0,0,0
32,우규민,KT,0,2,0,0,0,0,0,0,0,0,0,0,0,0,0,0,0,0,0,0,0,0,0,0,0,0,0,0,0,0,0,0,0,0,0,0,0,0,0,0,0,0,0,0,0
32,최동환,KT,0,1,0,0,0,0,0,0,0,0,0,0,0,0,0,0,0,0,0,0,0,0,0,0,0,0,0,0,0,0,0,0,0,0,0,0,0,0,0,0,0,0,0,0,0
32,박영현,KT,0,5,0,0,0,0,0,0,0,0,0,0,0,0,0,0,0,0,0,0,1,0,0,0,0,0,0,0,0,0,0,0,0,0,0,0,0,0,0,0,0,0,0,0,0
1,문보경,LG,0.276,141,607,515,91,142,21,1,24,237,108,3,1,79,4,108,15,0.46,0.371,0.831,16,9,0,46,162,112,1.45,13,4.13,90.2,3,38,0.274,0.333,0.73,0.184,0.282,129,0.377,5.5,0.301,13,17.8,88.2,0.342
2,김현수,LG,0.298,140,552,483,66,144,24,0,12,204,90,4,0,64,4,73,10,0.422,0.384,0.806,4,1,0,36,147,120,1.23,15,3.89,77.9,1,36,0.362,0.4,0.88,0.124,0.278,127.3,0.375,3.5,0.331,11.6,13.2,77.6,0.265
3,박해민,LG,0.276,144,544,442,80,122,18,2,3,153,43,49,14,68,8,94,7,0.346,0.379,0.725,1,4,22,23,100,130,0.77,3,3.96,69.3,0,29,0.231,0,0.72,0.07,0.257,108.9,0.349,4.7,0.341,12.5,17.3,57,0.303
4,문성주,LG,0.305,135,542,475,57,145,20,2,3,178,70,4,3,54,4,59,10,0.375,0.375,0.75,1,9,0,25,166,114,1.46,10,3.77,69.7,0,43,0.321,0.167,0.92,0.069,0.263,110.7,0.352,3.5,0.336,10,10.9,67,0.185
5,신민재,LG,0.313,135,538,463,87,145,15,7,1,177,61,15,9,62,3,57,7,0.382,0.395,0.777,12,4,6,23,191,74,2.58,4,3.89,72.5,0,37,0.407,0.5,1.09,0.069,0.273,122.4,0.368,4.9,0.352,11.5,10.6,69.8,0.216
6,박동원,LG,0.253,139,523,451,57,114,25,0,22,205,76,4,0,62,2,124,10,0.455,0.342,0.797,8,5,3,47,110,108,1.02,8,3.89,72.2,4,27,0.235,0.143,0.5,0.202,0.268,116.5,0.36,4.3,0.297,11.9,23.7,70.3,0.348
7,오스틴,LG,0.313,116,499,425,82,133,25,1,31,253,95,3,0,61,2,62,11,0.595,0.393,0.988,8,11,0,57,74,167,0.44,11,3.79,96.2,7,38,0.292,0,0.98,0.282,0.326,166.8,0.43,5.9,0.297,12.2,12.4,101,0.433
8,오지환,LG,0.253,127,472,419,57,106,24,1,16,180,62,9,7,37,3,115,4,0.43,0.314,0.744,9,6,7,41,90,114,0.79,6,4.19,58.8,0,27,0.283,0.333,0.32,0.177,0.249,98.2,0.335,2,0.306,7.8,24.4,56.4,0.27
9,구본혁,LG,0.286,131,397,343,41,98,16,2,1,121,38,10,5,36,6,44,4,0.353,0.364,0.717,6,0,12,19,100,101,0.99,2,3.8,45.5,1,26,0.299,0.333,0.82,0.067,0.252,103.1,0.341,2.9,0.326,9.1,11.1,42.8,0.187
10,홍창기,LG,0.287,51,215,174,32,50,4,0,1,57,16,3,0,29,6,40,4,0.328,0.399,0.727,0,4,2,5,59,29,2.03,1,4.32,27.9,0,11,0.146,0.667,0.73,0.04,0.262,112.8,0.355,1.2,0.358,13.5,18.6,22.2,0.224
11,천성호,LG,0.237,83,199,173,24,41,9,2,1,57,17,3,1,17,5,29,2,0.329,0.323,0.652,4,0,4,12,58,45,1.29,3,3.67,19.5,0,8,0.25,0.154,0.59,0.092,0.228,81.6,0.312,0.6,0.28,8.5,14.6,17.4,0.202
12,송찬의,LG,0.211,66,166,147,18,31,9,1,3,51,20,2,2,9,8,49,4,0.347,0.291,0.638,1,1,1,13,29,39,0.74,3,3.9,14.4,0,7,0.237,0.273,0.18,0.136,0.218,71.5,0.298,0,0.292,5.4,29.5,13.1,0.197
13,이주헌,LG,0.219,76,156,128,22,28,3,0,4,43,9,0,0,18,8,30,2,0.336,0.351,0.687,4,0,2,7,31,39,0.79,1,3.78,17.4,0,5,0.111,0.25,0.6,0.117,0.242,96.7,0.333,0.9,0.255,11.5,19.2,13.5,0.258
14,최원영,LG,0.282,119,115,103,37,29,5,0,0,34,2,8,4,4,4,20,4,0.33,0.33,0.66,1,1,3,5,30,25,1.2,0,3.55,10.7,0,2,0.174,0.667,0.2,0.049,0.231,81.6,0.312,0.6,0.345,3.5,17.4,10.5,0.126
15,이영빈,LG,0.208,44,75,72,12,15,1,1,3,27,9,1,0,1,0,35,1,0.375,0.216,0.591,0,1,1,5,9,14,0.64,0,4.45,6.2,0,1,0.238,0,0.03,0.167,0.191,42.3,0.257,0,0.343,1.3,46.7,5.9,0.194
16,박관우,LG,0.264,39,58,53,12,14,2,0,2,22,13,0,0,3,1,11,1,0.415,0.31,0.725,1,1,0,4,13,16,0.81,0,3.5,7.1,0,0,0.294,0.368,0.27,0.151,0.243,92.2,0.326,-0.1,0.293,5.2,19,6.7,0.208
17,함창건,LG,0.188,15,36,32,2,6,2,0,0,8,2,0,0,3,0,9,1,0.25,0.25,0.5,0,1,0,2,6,12,0.5,0,3.75,2,0,1,0.1,0.2,0.33,0.063,0.175,29,0.239,-0.1,0.25,8.3,25,2.1,0.156
18,문정빈,LG,0.167,21,33,30,5,5,0,0,2,11,4,0,0,1,2,11,0,0.367,0.242,0.609,0,0,0,2,7,7,1,0,3.88,3.1,0,1,0.1,0.333,0.09,0.2,0.201,55.4,0.275,-0.1,0.176,3,33.3,2.1,0.233
19,김주성,LG,0.2,16,17,15,3,3,0,0,1,6,1,0,2,1,1,2,0,0.4,0.294,0.694,1,0,0,1,4,6,0.67,0,3.94,1.4,0,0,0,0.25,0.5,0.2,0.232,85.3,0.317,-0.2,0.167,5.9,11.8,1.5,0.133
20,손용준,LG,0.2,9,16,15,3,3,0,0,0,3,1,1,0,0,1,5,2,0.2,0.25,0.45,1,0,0,0,7,0,0,1,3.19,0.2,0,0,0.25,0,0,0,0.163,17.3,0.222,-0.1,0.3,0,31.3,0.6,0.067
21,김정율,LG,0.182,13,13,11,0,2,0,0,0,2,1,1,0,1,0,6,0,0.182,0.231,0.413,0,1,0,0,1,3,0.33,0,4.46,1,0,0,0,0,0.17,0,0.149,2,0.201,-0.1,0.333,7.7,46.2,0.5,0.182
22,김현종,LG,0.4,10,6,5,3,2,1,0,0,3,0,0,0,1,0,1,1,0.6,0.5,1.1,0,0,0,1,2,0,0,0,2.83,0.9,0,0,0,0.5,1,0.2,0.375,215.8,0.498,0.1,0.5,16.7,16.7,1.5,0.4
22,최승민,LG,0,19,6,5,6,0,0,0,0,0,0,1,2,1,0,2,0,0,0.167,0.167,1,0,0,0,3,0,0,0,3.17,-0.6,0,0,0,0,0.5,0,0.075,-51.9,0.126,-0.3,0,16.7,33.3,0,0
24,김성우,LG,0.2,7,5,5,0,1,0,0,0,1,1,0,0,0,0,1,0,0.2,0.2,0.4,0,0,0,0,2,1,2,0,2.8,0.1,0,0,0.333,0,0,0,0.14,-9.2,0.186,0,0.25,0,20,0.2,0
25,김준태,LG,1,2,2,1,1,1,0,0,0,1,0,0,0,1,0,0,0,1,1,2,0,0,0,0,0,0,0,0,3,0.8,0,0,0,1,0,0,0.7,464.4,0.843,0.1,1,50,0,1,1
25,유영찬,LG,0,11,2,1,0,0,0,0,0,0,0,0,0,1,0,0,0,0,0.5,0,0,0,0,0,0,1,0,0,4,0.3,0,0,0,0,0,0,0.225,130.2,0.379,-0.1,0,50,0,0,1
27,김진수,LG,0,1,0,0,0,0,0,0,0,0,0,0,0,0,0,0,0,0,0,0,0,0,0,0,0,0,0,0,0,0,0,0,0,0,0,0,0,0,0,0,0,0,0,0,0
27,우강훈,LG,0,2,0,0,0,0,0,0,0,0,0,0,0,0,0,0,0,0,0,0,0,0,0,0,0,0,0,0,0,0,0,0,0,0,0,0,0,0,0,0,0,0,0,0,0
27,박명근,LG,0,5,0,0,0,0,0,0,0,0,0,0,0,0,0,0,0,0,0,0,0,0,0,0,0,0,0,0,0,0,0,0,0,0,0,0,0,0,0,0,0,0,0,0,0
27,김영우,LG,0,4,0,0,0,0,0,0,0,0,0,0,0,0,0,0,0,0,0,0,0,0,0,0,0,0,0,0,0,0,0,0,0,0,0,0,0,0,0,0,0,0,0,0,0
27,이우찬,LG,0,1,0,0,0,0,0,0,0,0,0,0,0,0,0,0,0,0,0,0,1,0,0,0,0,0,0,0,0,0,0,0,0,0,0,0,0,0,0,0,0,0,0,0,0
27,함덕주,LG,0,3,0,0,0,0,0,0,0,0,0,0,0,0,0,0,0,0,0,0,0,0,0,0,0,0,0,0,0,0,0,0,0,0,0,0,0,0,0,0,0,0,0,0,0
27,장현식,LG,0,6,0,0,0,0,0,0,0,0,0,0,0,0,0,0,0,0,0,0,1,0,0,0,0,0,0,0,0,0,0,0,0,0,0,0,0,0,0,0,0,0,0,0,0
27,백승현,LG,0,3,0,0,0,0,0,0,0,0,0,0,0,0,0,0,0,0,0,0,1,0,0,0,0,0,0,0,0,0,0,0,0,0,0,0,0,0,0,0,0,0,0,0,0
27,이지강,LG,0,6,0,0,0,0,0,0,0,0,0,0,0,0,0,0,0,0,0,0,0,0,0,0,0,0,0,0,0,0,0,0,0,0,0,0,0,0,0,0,0,0,0,0,0
27,이정용,LG,0,8,0,0,0,0,0,0,0,0,0,0,0,0,0,0,0,0,0,0,0,0,0,0,0,0,0,0,0,0,0,0,0,0,0,0,0,0,0,0,0,0,0,0,0
27,김진성,LG,0,5,0,0,0,0,0,0,0,0,0,0,0,0,0,0,0,0,0,0,0,0,0,0,0,0,0,0,0,0,0,0,0,0,0,0,0,0,0,0,0,0,0,0,0
1,김주원,NC,0.289,144,624,539,98,156,26,8,15,243,65,44,11,63,16,111,8,0.451,0.379,0.83,29,2,4,49,112,162,0.69,3,3.94,95.9,1,40,0.306,0.333,0.57,0.161,0.283,132.2,0.382,3.9,0.34,10.1,17.8,88.4,0.34
2,김휘집,NC,0.249,142,500,429,64,107,18,2,17,180,56,10,2,40,27,89,9,0.42,0.349,0.769,19,2,2,37,95,140,0.68,11,3.9,66.3,0,29,0.242,0.333,0.45,0.17,0.262,113.1,0.355,2.8,0.277,8,17.8,56.4,0.282
3,박민우,NC,0.302,117,468,404,64,122,25,8,3,172,67,28,8,44,12,64,5,0.426,0.384,0.81,10,4,4,36,109,113,0.96,6,3.66,68.6,5,37,0.432,0.167,0.69,0.124,0.279,128.1,0.376,3.5,0.349,9.4,13.7,63.7,0.282
4,권희동,NC,0.246,136,456,358,56,88,24,0,6,130,39,5,5,77,11,80,10,0.363,0.393,0.756,1,2,8,30,103,89,1.16,4,4.47,56.6,0,21,0.247,0.077,0.96,0.117,0.268,120.7,0.366,1.4,0.299,16.9,17.5,49.3,0.332
5,최원준,NC,0.242,126,449,413,62,100,13,3,6,137,44,26,8,23,6,71,5,0.332,0.289,0.621,3,5,2,22,132,115,1.15,3,3.78,43.4,0,24,0.224,0.2,0.32,0.09,0.213,64.1,0.287,-1,0.276,5.1,15.8,38.6,0.189
6,박건우,NC,0.289,124,442,384,43,111,24,1,9,164,67,6,4,47,5,63,6,0.427,0.37,0.797,2,5,1,34,106,109,0.97,5,3.72,61.7,2,30,0.306,0.4,0.75,0.138,0.273,121.5,0.367,1,0.322,10.6,14.3,60.1,0.266
7,데이비슨,NC,0.293,112,439,386,63,113,18,0,36,239,97,1,0,31,8,118,10,0.619,0.346,0.965,2,14,0,54,66,103,0.64,9,3.72,83.6,1,30,0.237,0,0.26,0.326,0.31,152.2,0.41,3,0.313,7.1,26.9,82.5,0.409
8,김형준,NC,0.232,127,415,362,51,84,10,1,18,150,55,3,0,45,3,126,7,0.414,0.32,0.734,4,2,3,29,59,95,0.62,7,4.1,50.8,0,18,0.29,0.25,0.36,0.182,0.248,98.7,0.335,1.7,0.3,10.8,30.4,47.5,0.315
9,이우성,NC,0.25,105,337,300,28,75,22,1,3,108,33,2,1,31,2,66,8,0.36,0.321,0.681,3,3,1,26,91,71,1.28,1,3.79,34.4,0,19,0.213,0.385,0.47,0.11,0.234,86.2,0.318,-0.1,0.308,9.2,19.6,34.6,0.217
10,천재환,NC,0.238,129,294,261,47,62,10,3,6,96,31,15,5,17,5,58,3,0.368,0.292,0.66,2,5,6,19,69,77,0.9,3,3.65,31.6,0,12,0.242,0.2,0.29,0.13,0.223,74.1,0.301,-0.5,0.277,5.8,19.7,27.3,0.234
11,서호철,NC,0.266,103,292,263,25,70,7,1,3,88,30,7,3,8,7,51,7,0.335,0.301,0.636,8,4,10,11,76,70,1.09,3,3.63,26.8,0,16,0.247,0.143,0.16,0.068,0.219,69.2,0.294,-0.9,0.315,2.7,17.5,25.3,0.114
12,오영수,NC,0.232,67,179,155,14,36,5,0,3,50,23,3,2,22,2,47,0,0.323,0.335,0.658,1,0,0,8,39,33,1.18,3,4.05,18.9,0,9,0.262,0.273,0.47,0.09,0.232,85.4,0.317,-0.9,0.314,12.3,26.3,16.4,0.239
13,최정원,NC,0.275,91,155,120,40,33,3,0,0,36,11,30,6,18,12,22,0,0.3,0.417,0.717,1,1,4,3,50,16,3.13,3,3.75,23.4,0,9,0.194,0.25,0.82,0.025,0.263,117.9,0.362,1.2,0.333,11.6,14.2,13.3,0.375
14,한석현,NC,0.195,61,138,113,18,22,5,0,3,36,21,1,1,12,7,27,1,0.319,0.306,0.625,1,2,4,8,32,34,0.94,0,3.78,13.4,0,6,0.267,0.167,0.44,0.124,0.217,72.2,0.298,-0.2,0.224,8.7,19.6,9.8,0.23
15,도태훈,NC,0.182,61,98,77,9,14,4,1,1,23,8,3,0,7,8,16,2,0.299,0.315,0.614,3,0,6,6,25,22,1.14,0,3.6,8.7,0,2,0.2,0,0.44,0.117,0.217,74.9,0.302,0,0.217,7.1,16.3,5.8,0.247
16,박세혁,NC,0.163,48,93,86,8,14,3,0,2,23,10,1,0,5,1,28,4,0.267,0.215,0.482,3,1,0,5,17,28,0.61,3,3.96,3.9,0,3,0.219,0.091,0.18,0.105,0.164,18.4,0.224,-0.7,0.211,5.4,30.1,4.8,0.174
17,홍종표,NC,0.164,62,85,73,16,12,0,0,0,12,3,1,2,7,0,23,1,0.164,0.235,0.399,2,1,4,0,25,14,1.79,0,4,2.4,0,1,0.091,0,0.3,0,0.147,3.4,0.203,-0.7,0.235,8.2,27.1,2.9,0.082
18,김한별,NC,0.313,76,72,64,14,20,2,0,0,22,5,1,0,3,3,5,2,0.344,0.371,0.715,2,0,2,2,26,13,2,0,3.78,8,0,3,0.429,0,0.6,0.031,0.253,103.1,0.341,0.4,0.339,4.2,6.9,7.6,0.094
19,안중열,NC,0.143,33,60,49,2,7,3,0,0,10,6,0,0,8,2,15,0,0.204,0.288,0.492,2,0,1,3,15,12,1.25,1,4.03,3.7,0,0,0.182,0,0.53,0.061,0.181,43,0.258,-0.4,0.206,13.3,25,2.6,0.224
19,박시원,NC,0.204,52,60,54,12,11,2,0,1,16,4,1,0,5,0,18,1,0.296,0.271,0.567,0,0,1,3,12,13,0.92,1,3.62,4.4,0,0,0.25,0.375,0.28,0.093,0.196,50.2,0.268,-0.4,0.286,8.3,30,4.3,0.204
21,한재환,NC,0.185,16,31,27,2,5,0,0,0,5,4,0,0,2,2,14,0,0.185,0.29,0.475,0,0,0,0,2,6,0.33,0,4.42,1.8,0,0,0.3,0.2,0.14,0,0.177,36.1,0.248,-0.3,0.385,6.5,45.2,1.2,0.074
22,박한결,NC,0.118,8,19,17,2,2,0,0,2,8,3,0,0,2,0,8,0,0.471,0.211,0.682,0,0,0,2,2,5,0.4,0,4.26,2.1,0,0,0.25,0,0.25,0.353,0.213,66.1,0.29,-0.1,0,10.5,42.1,1.7,0.471
23,송승환,NC,0.2,13,15,15,0,3,1,0,0,4,2,0,0,0,0,6,0,0.267,0.2,0.467,0,0,0,1,5,1,5,0,3.47,0.6,0,0,0.667,0.286,0,0.067,0.157,8.8,0.21,-0.3,0.333,0,40,0.8,0.067
24,오태양,NC,0.25,14,13,12,6,3,0,0,0,3,1,2,1,1,0,3,0,0.25,0.308,0.558,1,0,0,0,6,0,0,0,3.85,1,0,0,0.75,0,0.33,0,0.201,53.4,0.272,-0.1,0.333,7.7,23.1,0.9,0.167
25,고승완,NC,0.2,17,11,10,5,2,0,0,0,2,0,2,1,1,0,5,0,0.2,0.273,0.473,0,0,0,0,3,0,0,0,4.45,0.6,0,0,0,0.333,0.2,0,0.173,28.3,0.238,0,0.4,9.1,45.5,0.5,0.2
25,김정호,NC,0.444,8,11,9,3,4,0,0,0,4,0,0,0,0,1,4,0,0.444,0.5,0.944,0,0,1,0,0,1,0,0,2.73,1.9,0,1,0,0,0,0,0.336,180.2,0.449,0.2,0.8,0,36.4,1.8,0
27,안인산,NC,0,4,7,6,0,0,0,0,0,0,1,0,0,0,0,3,0,0,0,0,0,1,0,0,0,4,0,0,4.14,-0.2,0,0,0,0,0,0,0,-142.9,0,-0.2,0,0,42.9,0,0
28,박영빈,NC,0.25,16,5,4,8,1,0,0,0,1,1,4,2,1,0,2,0,0.25,0.4,0.65,0,0,0,0,0,1,0,0,4.2,0.6,0,0,1,0,0.5,0,0.243,100.1,0.337,-0.1,0.5,20,40,0.4,0.75
29,김범준,NC,0,1,1,1,0,0,0,0,0,0,0,0,0,0,0,1,0,0,0,0,0,0,0,0,0,0,0,0,5,-0.1,0,0,0,0,0,0,0,-142.9,0,0,0,0,100,0,0
30,소이현,NC,0,2,0,0,0,0,0,0,0,0,0,0,0,0,0,0,0,0,0,0,0,0,0,0,0,0,0,0,0,0,0,0,0,0,0,0,0,0,0,0,0,0,0,0,0
31,김영규,NC,0,1,0,0,0,0,0,0,0,0,0,0,0,0,0,0,0,0,0,0,2,0,0,0,0,0,0,0,0,0,0,0,0,0,0,0,0,0,0,0,0,0,0,0,0
31,류진욱,NC,0,3,0,0,0,0,0,0,0,0,0,0,0,0,0,0,0,0,0,0,1,0,0,0,0,0,0,0,0,0,0,0,0,0,0,0,0,0,0,0,0,0,0,0,0
31,전사민,NC,0,1,0,0,0,0,0,0,0,0,0,0,0,0,0,0,0,0,0,0,1,0,0,0,0,0,0,0,0,0,0,0,0,0,0,0,0,0,0,0,0,0,0,0,0
31,배재환,NC,0,2,0,0,0,0,0,0,0,0,0,0,0,0,0,0,0,0,0,0,0,0,0,0,0,0,0,0,0,0,0,0,0,0,0,0,0,0,0,0,0,0,0,0,0
31,손주환,NC,0,2,0,0,0,0,0,0,0,0,0,0,0,0,0,0,0,0,0,0,1,0,0,0,0,0,0,0,0,0,0,0,0,0,0,0,0,0,0,0,0,0,0,0,0
31,김태훈,NC,0,1,0,0,0,0,0,0,0,0,0,0,0,0,0,0,0,0,0,0,2,0,0,0,0,0,0,0,0,0,0,0,0,0,0,0,0,0,0,0,0,0,0,0,0
1,최지훈,SSG,0.284,140,574,517,66,147,16,4,7,192,45,28,7,43,5,87,2,0.371,0.342,0.713,5,5,4,27,117,171,0.68,6,3.91,72,2,37,0.28,0.286,0.49,0.087,0.247,96.5,0.332,2.2,0.327,7.5,15.2,65.1,0.211
2,박성한,SSG,0.274,127,538,452,73,124,23,2,7,172,48,5,6,79,3,93,6,0.381,0.384,0.765,20,2,2,32,125,112,1.12,5,4.51,69.8,1,31,0.275,0.5,0.85,0.106,0.268,119,0.364,5.5,0.331,14.7,17.3,65.8,0.279
3,한유섬,SSG,0.273,128,511,455,50,124,24,0,15,193,71,1,0,46,7,120,6,0.424,0.347,0.771,2,2,1,39,94,119,0.79,8,3.95,67.1,3,36,0.291,0.333,0.38,0.152,0.262,111.9,0.354,2.8,0.339,9,23.5,65.5,0.255
4,고명준,SSG,0.278,130,500,471,46,131,20,1,17,204,64,2,0,20,2,99,12,0.433,0.306,0.739,3,7,0,38,124,124,1,11,3.38,60.9,1,43,0.235,0,0.2,0.155,0.246,94.4,0.329,1.6,0.315,4,19.8,62.7,0.202
5,정준재,SSG,0.245,132,442,371,58,91,10,3,0,107,25,37,8,51,3,93,4,0.288,0.34,0.628,9,1,16,13,114,74,1.54,4,3.92,45.4,0,21,0.276,0.267,0.55,0.043,0.225,79.4,0.309,2.1,0.326,11.5,21,36,0.259
6,에레디아,SSG,0.339,96,415,375,46,127,18,0,13,184,54,1,2,31,7,62,9,0.491,0.398,0.889,2,2,0,31,89,99,0.9,4,3.45,66.4,4,36,0.366,0,0.5,0.152,0.302,147.7,0.403,5.3,0.377,7.5,14.9,71.6,0.232
7,최정,SSG,0.244,95,406,340,54,83,12,0,23,164,63,1,0,51,12,94,10,0.482,0.36,0.842,4,3,0,35,61,105,0.58,9,4.06,60.3,6,22,0.247,0,0.54,0.238,0.283,130.5,0.379,3.3,0.265,12.6,23.2,56.2,0.391
8,조형우,SSG,0.238,102,294,269,23,64,8,0,4,84,29,0,0,19,3,64,5,0.312,0.294,0.606,4,2,1,12,69,74,0.93,3,3.85,25,0,13,0.244,0,0.3,0.074,0.21,62.1,0.285,1.3,0.296,6.5,21.8,24.2,0.145
9,안상현,SSG,0.264,102,289,258,38,68,8,2,6,98,15,17,6,18,2,85,2,0.38,0.314,0.694,9,2,9,16,56,51,1.1,1,3.87,33,0,19,0.2,0,0.21,0.116,0.236,86.7,0.319,0.7,0.367,6.2,29.4,30.5,0.229
10,오태곤,SSG,0.201,122,229,194,31,39,6,0,5,60,26,25,8,30,1,59,4,0.309,0.31,0.619,2,1,3,11,53,44,1.2,6,3.85,22.6,0,9,0.196,0.242,0.51,0.108,0.217,71.6,0.298,-0.2,0.26,13.1,25.8,18.5,0.351
11,이지영,SSG,0.239,76,216,197,13,47,6,1,3,64,18,2,1,11,2,22,8,0.325,0.283,0.608,3,2,4,10,73,57,1.28,2,3.29,16.9,0,14,0.177,0,0.5,0.086,0.209,60,0.282,0.9,0.253,5.1,10.2,17.8,0.147
12,최준우,SSG,0.191,78,192,152,17,29,0,0,3,38,22,2,0,30,3,47,3,0.25,0.328,0.578,1,4,3,3,51,29,1.76,3,4.03,17.9,0,5,0.262,0.148,0.64,0.059,0.21,67.5,0.292,-0.3,0.245,15.6,24.5,12.3,0.27
13,김성현,SSG,0.217,59,137,115,15,25,3,0,1,31,11,1,1,16,1,20,4,0.27,0.316,0.586,5,1,4,4,38,33,1.15,0,3.66,10.5,0,2,0.226,0.375,0.8,0.052,0.21,64.5,0.288,0.4,0.253,11.7,14.6,9.7,0.191
14,김성욱,SSG,0.195,56,132,123,10,24,6,0,2,36,13,1,2,7,1,35,2,0.293,0.244,0.537,0,0,1,8,29,35,0.83,1,3.72,7.6,0,5,0.189,0,0.2,0.098,0.183,37.1,0.25,-0.4,0.256,5.3,26.5,8.6,0.146
15,류효승,SSG,0.287,27,103,94,18,27,5,0,6,50,16,0,1,7,2,28,1,0.532,0.35,0.882,0,0,0,11,15,24,0.63,3,4.03,16.4,0,7,0.273,0.5,0.25,0.245,0.291,138.3,0.39,0.7,0.35,6.8,27.2,16.8,0.309
16,맥브룸,SSG,0.203,22,80,74,8,15,3,0,4,30,11,0,0,5,1,28,2,0.405,0.263,0.668,0,0,0,7,17,14,1.21,0,4.23,7.5,2,4,0.261,0,0.18,0.203,0.22,72.2,0.299,0.1,0.262,6.3,35,7.6,0.27
17,김찬형,SSG,0.178,44,78,73,4,13,2,0,0,15,5,0,0,3,1,13,3,0.205,0.221,0.426,4,0,1,2,24,23,1.04,0,4.06,1.7,0,3,0.25,0,0.23,0.027,0.151,5.5,0.206,-0.1,0.217,3.8,16.7,3.2,0.068
18,박지환,SSG,0.15,31,68,60,3,9,0,0,0,9,4,0,1,4,0,19,1,0.15,0.2,0.35,5,1,3,0,15,18,0.83,0,3.53,0.9,0,1,0.176,0,0.21,0,0.128,-16.7,0.175,-0.8,0.214,5.9,27.9,1.8,0.05
19,현원회,SSG,0.305,21,62,59,6,18,1,0,1,22,6,0,0,3,0,16,3,0.373,0.339,0.712,0,0,0,2,14,11,1.27,1,4.23,6.3,0,4,0.235,0.5,0.19,0.068,0.246,94.4,0.329,0.3,0.405,4.8,25.8,7.5,0.119
20,하재훈,SSG,0.143,18,61,56,6,8,0,0,3,17,8,1,2,4,0,21,1,0.304,0.197,0.501,1,1,0,3,14,14,1,1,3.72,3.2,0,1,0.167,0,0.19,0.161,0.165,18.5,0.224,-0.5,0.152,6.6,34.4,3.4,0.214
21,석정우,SSG,0.265,27,54,49,3,13,1,0,2,20,4,0,0,4,1,18,1,0.408,0.333,0.741,4,0,0,3,10,8,1.25,1,4.19,6.5,0,0,0.3,0,0.22,0.143,0.252,102.4,0.34,0,0.379,7.4,33.3,6.4,0.224
22,채현우,SSG,0.188,41,52,48,8,9,1,1,1,15,9,2,0,3,0,13,1,0.313,0.231,0.544,1,1,0,3,15,12,1.25,1,3.52,4,0,2,0.231,0,0.23,0.125,0.182,34.9,0.247,-0.2,0.229,5.8,25,3.5,0.229
23,신범수,SSG,0.182,29,39,33,1,6,1,0,1,10,3,0,0,5,1,7,0,0.303,0.308,0.611,0,0,0,2,7,13,0.54,0,3.41,3.7,0,0,0.143,0.4,0.71,0.121,0.214,70.9,0.297,0.2,0.2,12.8,17.9,2.9,0.273
24,이율예,SSG,0.231,8,13,13,3,3,0,0,3,12,7,0,0,0,0,6,0,0.923,0.231,1.154,2,0,0,3,1,3,0.33,1,4.54,3.4,0,0,0.25,0,0,0.692,0.335,189.3,0.461,0.1,0,0,46.2,2.8,0.692
25,김수윤,SSG,0.091,7,12,11,0,1,0,0,0,1,0,0,0,0,1,4,0,0.091,0.167,0.258,2,0,0,0,3,3,1,0,3.92,-0.1,0,0,0,0,0,0,0.098,-40.7,0.142,-0.2,0.143,0,33.3,0.1,0
26,최상민,SSG,0.143,23,9,7,5,1,0,0,0,1,1,1,1,1,1,5,0,0.143,0.333,0.476,0,0,0,0,1,0,0,0,4.67,0.5,0,0,0,0,0.2,0,0.186,54,0.273,-0.1,0.5,11.1,55.6,0.3,0.143
27,홍대인,SSG,0.2,14,5,5,3,1,0,0,0,1,0,1,1,0,0,2,0,0.2,0.2,0.4,1,0,0,0,1,1,1,0,3.6,0,0,0,0,0,0,0,0.14,-9.2,0.186,-0.3,0.333,0,40,0.2,0
27,임근우,SSG,0,3,5,5,0,0,0,0,0,0,0,0,0,0,0,1,0,0,0,0,0,0,0,0,2,2,1,0,3.8,-0.5,0,0,0,0,0,0,0,-142.9,0,-0.1,0,0,20,0,0
27,이승민,SSG,0.2,2,5,5,0,1,0,0,0,1,0,0,0,0,0,2,0,0.2,0.2,0.4,0,0,0,0,1,1,1,0,4.2,0.1,0,0,0,1,0,0,0.14,-9.2,0.186,-0.1,0.333,0,40,0.2,0
30,김태윤,SSG,0.5,8,4,2,0,1,0,0,0,1,0,1,1,2,0,0,0,0.5,0.75,1.25,0,0,0,0,0,1,0,0,5.75,1,0,0,0,1,0,0,0.463,297.3,0.611,0.1,0.5,50,0,0.8,1
31,이정범,SSG,0,3,3,3,0,0,0,0,0,0,0,0,0,0,0,2,0,0,0,0,0,0,0,0,0,1,0,0,4.67,-0.3,0,0,0,0,0,0,0,-142.9,0,-0.1,0,0,66.7,0,0
32,정현승,SSG,0.5,3,2,2,0,1,1,0,0,2,0,0,0,0,0,0,0,1,0.5,1.5,0,0,0,1,0,1,0,0,5,0.6,0,0,0,0,0,0.5,0.475,325.8,0.651,0,0.5,0,0,1,0.5
33,김강민,SSG,0,1,0,0,0,0,0,0,0,0,0,0,0,0,0,0,0,0,0,0,0,0,0,0,0,0,0,0,0,0,0,0,0,0,0,0,0,0,0,0,0,0,0,0,0
33,김창평,SSG,0,4,0,0,1,0,0,0,0,0,0,0,0,0,0,0,0,0,0,0,0,0,0,0,0,0,0,0,0,0,0,0,0,0,0,0,0,0,0,0,0,0,0,0,0
35,노경은,SSG,0,1,0,0,0,0,0,0,0,0,0,0,0,0,0,0,0,0,0,0,0,0,0,0,0,0,0,0,0,0,0,0,0,0,0,0,0,0,0,0,0,0,0,0,0
35,김건우,SSG,0,1,0,0,0,0,0,0,0,0,0,0,0,0,0,0,0,0,0,0,2,0,0,0,0,0,0,0,0,0,0,0,0,0,0,0,0,0,0,0,0,0,0,0,0
35,최민준,SSG,0,1,0,0,0,0,0,0,0,0,0,0,0,0,0,0,0,0,0,0,0,0,0,0,0,0,0,0,0,0,0,0,0,0,0,0,0,0,0,0,0,0,0,0,0
35,한두솔,SSG,0,1,0,0,0,0,0,0,0,0,0,0,0,0,0,0,0,0,0,0,0,0,0,0,0,0,0,0,0,0,0,0,0,0,0,0,0,0,0,0,0,0,0,0,0
35,김택형,SSG,0,1,0,0,0,0,0,0,0,0,0,0,0,0,0,0,0,0,0,0,0,0,0,0,0,0,0,0,0,0,0,0,0,0,0,0,0,0,0,0,0,0,0,0,0
35,조병현,SSG,0,2,0,0,0,0,0,0,0,0,0,0,0,0,0,0,0,0,0,0,0,0,0,0,0,0,0,0,0,0,0,0,0,0,0,0,0,0,0,0,0,0,0,0,0
35,최현석,SSG,0,1,0,0,0,0,0,0,0,0,0,0,0,0,0,0,0,0,0,0,0,0,0,0,0,0,0,0,0,0,0,0,0,0,0,0,0,0,0,0,0,0,0,0,0
35,이로운,SSG,0,1,0,0,0,0,0,0,0,0,0,0,0,0,0,0,0,0,0,0,0,0,0,0,0,0,0,0,0,0,0,0,0,0,0,0,0,0,0,0,0,0,0,0,0
35,전영준,SSG,0,1,0,0,0,0,0,0,0,0,0,0,0,0,0,0,0,0,0,0,0,0,0,0,0,0,0,0,0,0,0,0,0,0,0,0,0,0,0,0,0,0,0,0,0
1,케이브,두산,0.299,136,593,538,72,161,28,6,16,249,87,17,1,43,4,116,7,0.463,0.351,0.814,2,8,0,50,129,140,0.92,7,3.78,89.1,1,52,0.31,0,0.37,0.164,0.274,121.1,0.366,4.6,0.35,7.3,19.6,87.4,0.273
2,정수빈,두산,0.258,132,546,462,89,119,16,4,6,161,38,26,13,61,11,57,7,0.348,0.355,0.703,3,4,8,26,182,108,1.69,1,3.96,63.5,2,27,0.212,1,1.07,0.091,0.247,99,0.336,2.7,0.28,11.2,10.4,55.4,0.251
3,양의지,두산,0.337,130,517,454,56,153,27,1,20,242,89,4,2,50,7,63,10,0.533,0.406,0.939,5,6,0,48,94,150,0.63,5,3.71,91.6,6,44,0.375,0.5,0.79,0.196,0.316,160.2,0.421,6.9,0.353,9.7,12.2,97.5,0.311
4,김재환,두산,0.241,103,407,344,42,83,13,2,13,139,50,7,2,57,4,96,4,0.404,0.354,0.758,0,2,0,28,73,94,0.78,6,3.87,53.8,3,19,0.253,0,0.59,0.163,0.26,111.3,0.353,1.8,0.295,14,23.6,48.5,0.343
5,강승호,두산,0.236,115,400,360,51,85,19,3,8,134,37,14,3,24,11,113,7,0.372,0.302,0.674,9,3,2,30,85,80,1.06,3,3.79,42,2,19,0.224,0.333,0.21,0.136,0.229,80.7,0.31,1.5,0.318,6,28.3,38,0.233
6,오명진,두산,0.263,107,371,331,38,87,14,4,4,121,41,5,3,27,3,94,3,0.366,0.321,0.687,10,3,7,22,89,64,1.39,3,3.65,40.1,1,22,0.235,0.25,0.29,0.103,0.236,86.9,0.319,2.1,0.352,7.3,25.3,38.5,0.19
7,이유찬,두산,0.242,89,311,269,36,65,8,1,1,78,16,12,2,33,2,66,4,0.29,0.328,0.618,8,1,6,10,72,67,1.07,1,4.02,29.4,0,11,0.194,0,0.5,0.048,0.22,73.7,0.301,0.4,0.315,10.6,21.2,25.3,0.208
8,박준순,두산,0.284,91,298,282,34,80,11,2,4,107,19,10,2,10,1,56,6,0.379,0.307,0.686,24,3,2,17,82,67,1.22,4,3.33,32.4,1,19,0.246,0,0.18,0.096,0.233,82.3,0.313,0.5,0.338,3.4,18.8,33,0.16
9,양석환,두산,0.248,72,294,262,32,65,16,0,8,105,31,1,0,24,5,82,6,0.401,0.32,0.721,4,3,0,24,42,76,0.55,3,4.11,34,1,17,0.222,0,0.29,0.153,0.244,94.6,0.33,0.8,0.326,8.2,27.9,32.7,0.248
10,김민석,두산,0.228,95,247,228,21,52,7,3,1,68,21,3,2,12,2,62,3,0.298,0.269,0.567,6,3,2,11,59,58,1.02,5,3.82,18.4,1,12,0.254,0.118,0.19,0.07,0.196,47.9,0.265,-1.2,0.304,4.9,25.1,18.1,0.127
11,김기연,두산,0.247,100,245,219,19,54,9,0,2,69,24,1,0,19,1,44,8,0.315,0.307,0.622,4,2,4,11,72,51,1.41,2,3.57,20.6,0,12,0.228,0.278,0.43,0.068,0.217,68.7,0.294,0.5,0.297,7.8,18,21.2,0.16
12,김인태,두산,0.213,106,225,183,17,39,10,1,3,60,25,0,1,36,5,57,2,0.328,0.356,0.684,1,1,0,14,42,46,0.91,3,4.36,24.9,0,4,0.25,0.341,0.63,0.115,0.242,97.4,0.334,0.4,0.29,16,25.3,20.5,0.306
13,박계범,두산,0.263,94,198,175,23,46,9,2,1,62,27,3,1,14,1,45,4,0.354,0.319,0.673,9,1,7,12,56,29,1.93,2,3.96,19.5,0,9,0.345,0.3,0.31,0.091,0.232,83.5,0.314,0.2,0.346,7.1,22.7,19.7,0.183
14,안재석,두산,0.319,35,147,135,25,43,16,1,4,73,20,2,1,11,0,27,3,0.541,0.37,0.911,1,0,1,21,27,38,0.71,4,3.63,23.4,1,15,0.5,0,0.41,0.222,0.302,149.5,0.406,1.5,0.375,7.5,18.4,27,0.311
15,조수행,두산,0.244,108,140,119,30,29,4,0,0,33,9,30,7,14,0,29,1,0.277,0.323,0.6,1,0,7,4,42,19,2.21,1,3.77,14.9,0,6,0.167,0.5,0.48,0.034,0.215,68.5,0.293,0.9,0.322,10,20.7,10.7,0.345
16,박준영,두산,0.225,41,126,111,9,25,8,0,1,36,10,3,0,10,3,32,1,0.324,0.304,0.628,8,1,1,9,19,36,0.53,0,3.97,12.2,0,6,0.179,0,0.31,0.099,0.218,71.3,0.297,-0.4,0.304,7.9,25.4,10.4,0.216
17,김동준,두산,0.237,36,100,93,8,22,3,0,2,31,10,1,1,5,1,30,2,0.333,0.283,0.616,1,0,1,5,22,19,1.16,1,3.38,8.1,0,3,0.259,0.333,0.17,0.097,0.211,62.6,0.285,-0.4,0.328,5,30,8.5,0.151
18,임종성,두산,0.277,33,89,83,7,23,4,0,2,33,11,1,0,3,1,26,1,0.398,0.307,0.705,2,1,1,6,17,18,0.94,3,3.74,10.2,0,4,0.333,1,0.12,0.12,0.238,86.5,0.318,0.5,0.375,3.4,29.2,10,0.169
19,추재현,두산,0.222,34,87,81,7,18,3,1,1,26,7,0,0,3,1,17,2,0.321,0.259,0.58,0,0,2,5,29,17,1.71,1,3.89,6,0,3,0.111,0.286,0.18,0.099,0.197,49.6,0.267,-0.2,0.27,3.4,19.5,6.5,0.136
20,박지훈,두산,0.417,37,55,48,11,20,4,0,1,27,8,1,0,5,1,12,1,0.563,0.481,1.044,2,0,1,5,6,10,0.6,0,3.69,11.1,0,4,0.571,0.667,0.42,0.146,0.357,199.8,0.476,0.8,0.543,9.1,21.8,12.7,0.271
21,김대한,두산,0.194,16,37,36,1,7,0,0,1,10,5,0,1,1,0,6,0,0.278,0.216,0.494,1,0,0,1,13,10,1.3,0,3.7,1.8,0,2,0.167,0,0.17,0.083,0.167,19.2,0.225,-0.2,0.207,2.7,16.2,2.2,0.083
22,홍성호,두산,0.346,9,27,26,3,9,1,0,2,16,3,0,0,1,0,8,0,0.615,0.37,0.985,1,0,0,3,2,7,0.29,1,3.96,5.3,1,3,0.25,0.333,0.13,0.269,0.32,167.3,0.43,0.2,0.438,3.7,29.6,5.9,0.308
23,류현준,두산,0.136,17,22,22,2,3,0,0,0,3,1,0,0,0,0,6,1,0.136,0.136,0.272,1,0,0,0,11,2,5.5,0,3.18,-0.6,0,0,0.143,0.25,0,0,0.095,-51.7,0.127,-0.4,0.188,0,27.3,0.4,0
24,김민혁,두산,0.118,10,21,17,2,2,0,0,1,5,1,0,0,4,0,6,0,0.294,0.286,0.58,0,0,0,1,3,6,0.5,0,3.86,1.9,0,0,0,0,0.67,0.176,0.202,61.5,0.284,-0.1,0.1,19,28.6,1.4,0.412
24,여동건,두산,0.105,19,21,19,6,2,0,0,0,2,2,0,1,2,0,2,1,0.105,0.19,0.295,1,0,0,0,11,4,2.75,0,3.76,-0.6,0,0,0.333,0.333,1,0,0.112,-27.2,0.161,-0.2,0.118,9.5,9.5,0.4,0.053
26,김준상,두산,0.2,9,17,15,1,3,1,0,0,4,0,0,0,0,1,8,0,0.267,0.25,0.517,0,0,1,1,3,1,3,0,3.65,1,0,1,0,0,0,0.067,0.179,34.1,0.246,-0.2,0.429,0,47.1,0.8,0.067
27,전다민,두산,0.083,22,12,12,5,1,0,0,0,1,0,3,0,0,0,0,1,0.083,0.083,0.166,1,0,0,0,6,5,1.2,0,3.25,-0.3,0,0,0.5,0,0,0,0.058,-87.2,0.077,-0.3,0.083,0,0,0.1,0.25
28,이선우,두산,0.182,10,11,11,0,2,1,0,0,3,0,0,0,0,0,2,0,0.273,0.182,0.455,1,0,0,1,3,4,0.75,0,4.36,0.4,0,0,0,0.333,0,0.091,0.15,3.1,0.203,-0.1,0.222,0,18.2,0.5,0.091
29,박성재,두산,0,6,7,7,0,0,0,0,0,0,0,0,0,0,0,5,0,0,0,0,0,0,0,0,0,2,0,0,3.86,-0.7,0,0,0,0,0,0,0,-142.9,0,-0.2,0,0,71.4,0,0
30,천현재,두산,0,3,3,3,0,0,0,0,0,0,0,0,0,0,0,0,1,0,0,0,0,0,0,0,3,0,0,0,3.33,-0.6,0,0,0,0,0,0,0,-142.9,0,-0.1,0,0,0,0,0
31,강현구,두산,0,1,2,2,0,0,0,0,0,0,0,0,0,0,0,1,0,0,0,0,0,0,0,0,1,0,0,0,4,-0.2,0,0,0,0,0,0,0,-142.9,0,-0.1,0,0,50,0,0
31,박민준,두산,0,7,2,2,0,0,0,0,0,0,0,0,0,0,0,1,0,0,0,0,0,0,0,0,0,1,0,0,4,-0.2,0,0,0,0,0,0,0,-142.9,0,0,0,0,50,0,0
31,장승현,두산,0,4,2,2,0,0,0,0,0,0,0,0,0,0,0,0,1,0,0,0,0,0,0,0,2,0,0,0,3,-0.6,0,0,0,0,0,0,0,-142.9,0,0,0,0,0,0,0
34,김성재,두산,0,1,1,1,0,0,0,0,0,0,0,0,0,0,0,0,0,0,0,0,0,0,0,0,1,0,0,0,3,-0.1,0,0,0,0,0,0,0,-142.9,0,0,0,0,0,0,0
35,김재호,두산,0,1,0,0,0,0,0,0,0,0,0,0,0,0,0,0,0,0,0,0,0,0,0,0,0,0,0,0,0,0,0,0,0,0,0,0,0,0,0,0,0,0,0,0,0
36,김한중,두산,0,1,0,0,0,0,0,0,0,0,0,0,0,0,0,0,0,0,0,0,0,0,0,0,0,0,0,0,0,0,0,0,0,0,0,0,0,0,0,0,0,0,0,0,0
36,고효준,두산,0,1,0,0,0,0,0,0,0,0,0,0,0,0,0,0,0,0,0,0,0,0,0,0,0,0,0,0,0,0,0,0,0,0,0,0,0,0,0,0,0,0,0,0,0
36,홍민규,두산,0,2,0,0,0,0,0,0,0,0,0,0,0,0,0,0,0,0,0,0,0,0,0,0,0,0,0,0,0,0,0,0,0,0,0,0,0,0,0,0,0,0,0,0,0
36,김정우,두산,0,1,0,0,0,0,0,0,0,0,0,0,0,0,0,0,0,0,0,0,0,0,0,0,0,0,0,0,0,0,0,0,0,0,0,0,0,0,0,0,0,0,0,0,0
36,김호준,두산,0,1,0,0,0,0,0,0,0,0,0,0,0,0,0,0,0,0,0,0,1,0,0,0,0,0,0,0,0,0,0,0,0,0,0,0,0,0,0,0,0,0,0,0,0
36,박신지,두산,0,1,0,0,0,0,0,0,0,0,0,0,0,0,0,0,0,0,0,0,0,0,0,0,0,0,0,0,0,0,0,0,0,0,0,0,0,0,0,0,0,0,0,0,0
36,박치국,두산,0,1,0,0,0,0,0,0,0,0,0,0,0,0,0,0,0,0,0,0,1,0,0,0,0,0,0,0,0,0,0,0,0,0,0,0,0,0,0,0,0,0,0,0,0
36,최원준,두산,0,1,0,0,0,0,0,0,0,0,0,0,0,0,0,0,0,0,0,0,2,0,0,0,0,0,0,0,0,0,0,0,0,0,0,0,0,0,0,0,0,0,0,0,0
36,양재훈,두산,0,1,0,0,0,0,0,0,0,0,0,0,0,0,0,0,0,0,0,0,0,0,0,0,0,0,0,0,0,0,0,0,0,0,0,0,0,0,0,0,0,0,0,0,0
36,이영하,두산,0,1,0,0,0,0,0,0,0,0,0,0,0,0,0,0,0,0,0,0,2,0,0,0,0,0,0,0,0,0,0,0,0,0,0,0,0,0,0,0,0,0,0,0,0
36,김택연,두산,0,5,0,0,0,0,0,0,0,0,0,0,0,0,0,0,0,0,0,0,2,0,0,0,0,0,0,0,0,0,0,0,0,0,0,0,0,0,0,0,0,0,0,0,0
1,레이예스,롯데,0.326,144,643,573,75,187,44,1,13,272,107,7,1,58,3,66,25,0.475,0.386,0.861,2,9,0,58,185,144,1.28,7,3.6,94.9,17,60,0.375,0,0.88,0.148,0.292,138.2,0.39,4.5,0.346,9,10.3,105.6,0.26
2,고승민,롯데,0.271,121,538,469,71,127,21,2,4,164,45,5,1,56,3,83,8,0.35,0.35,0.7,6,4,6,27,126,137,0.92,6,4,60.8,1,36,0.241,0,0.67,0.079,0.245,95.8,0.331,1.5,0.319,10.4,15.4,57.2,0.207
3,전준우,롯데,0.293,114,472,410,50,120,26,1,8,172,70,2,1,44,9,71,9,0.42,0.369,0.789,0,6,3,35,98,127,0.77,11,3.7,64,2,29,0.359,0.25,0.62,0.127,0.271,119.3,0.364,1.4,0.332,9.3,15,62.1,0.237
4,윤동희,롯데,0.282,97,399,330,54,93,21,1,9,143,53,4,2,49,11,65,12,0.433,0.386,0.819,3,6,3,31,91,87,1.05,4,4.14,56.5,2,26,0.292,0.5,0.75,0.152,0.282,130.3,0.379,2.8,0.321,12.3,16.3,53.6,0.306
5,나승엽,롯데,0.229,105,392,328,40,75,12,2,9,118,44,0,0,55,5,65,10,0.36,0.347,0.707,8,1,3,23,87,102,0.85,11,4.16,43.4,2,13,0.275,0.571,0.85,0.131,0.246,99.3,0.336,0,0.259,14,16.6,40.1,0.299
6,손호영,롯데,0.25,97,375,328,39,82,12,0,4,106,41,7,0,22,10,66,9,0.323,0.313,0.636,17,4,11,16,83,101,0.82,4,3.59,35.5,0,24,0.321,0,0.33,0.073,0.222,73.4,0.3,0.1,0.298,5.9,17.6,31.5,0.162
7,전민재,롯데,0.287,101,369,331,39,95,15,0,5,125,34,3,3,22,4,63,7,0.378,0.337,0.715,16,2,10,20,99,76,1.3,1,3.76,40.7,0,27,0.253,0,0.35,0.091,0.246,95.7,0.331,0.1,0.34,6,17.1,41.4,0.157
8,유강남,롯데,0.274,110,350,303,35,83,18,0,5,116,38,0,0,26,13,66,11,0.383,0.352,0.735,2,5,3,23,87,72,1.21,3,3.97,41,0,18,0.204,0.417,0.39,0.109,0.254,103.9,0.342,2.2,0.329,7.4,18.9,38.4,0.195
9,장두성,롯데,0.262,118,284,248,51,65,3,3,0,74,25,17,5,24,3,64,3,0.298,0.332,0.63,3,2,7,6,67,54,1.24,2,3.85,28.3,0,19,0.269,0,0.38,0.036,0.224,76.2,0.304,0.5,0.349,8.5,22.5,24.2,0.181
10,황성빈,롯데,0.256,79,273,246,43,63,4,4,1,78,22,25,4,18,4,46,3,0.317,0.315,0.632,3,2,3,9,90,49,1.84,0,3.66,29.1,0,19,0.213,0,0.39,0.061,0.221,72.8,0.299,-0.4,0.308,6.6,16.8,23.9,0.22
11,한태양,롯데,0.274,108,267,230,42,63,14,2,2,87,22,3,2,32,2,69,3,0.378,0.367,0.745,7,0,3,18,56,42,1.33,2,4.14,32.4,0,11,0.274,0.167,0.46,0.104,0.26,111.3,0.353,1.3,0.384,12,25.8,31.5,0.248
12,김민성,롯데,0.243,96,254,214,25,52,13,0,3,74,35,0,1,33,4,48,7,0.346,0.353,0.699,6,1,2,16,49,66,0.74,4,4.23,26.7,1,12,0.233,0.235,0.69,0.103,0.245,98.5,0.335,0.6,0.299,13,18.9,25.5,0.252
13,정훈,롯데,0.216,77,200,185,14,40,11,0,2,57,11,0,0,10,3,40,4,0.308,0.268,0.576,2,0,2,13,56,49,1.14,0,4,13.9,1,7,0.14,0.083,0.25,0.092,0.198,50.9,0.269,-1.4,0.266,5,20,14.6,0.146
14,이호준,롯데,0.242,99,153,132,20,32,7,4,3,56,23,1,0,14,3,33,3,0.424,0.327,0.751,10,1,3,14,32,36,0.89,3,3.83,18.6,0,6,0.313,0,0.42,0.182,0.253,104.5,0.343,0,0.299,9.2,21.6,17.6,0.295
15,정보근,롯데,0.186,93,152,129,4,24,4,1,1,33,15,0,0,18,1,39,4,0.256,0.291,0.547,2,0,4,6,40,26,1.54,2,3.86,9.6,1,3,0.293,0,0.46,0.07,0.195,51.9,0.27,0.3,0.258,11.8,25.7,9.4,0.209
16,박찬형,롯데,0.341,48,148,129,21,44,8,2,3,65,19,1,1,11,7,26,1,0.504,0.419,0.923,6,1,0,13,31,29,1.07,0,3.64,25.7,1,10,0.364,0.625,0.42,0.163,0.315,160.4,0.421,1.5,0.406,7.4,17.6,25.5,0.248
17,김동혁,롯데,0.225,93,114,89,19,20,4,1,0,26,6,13,4,18,3,26,3,0.292,0.373,0.665,0,0,4,5,29,14,2.07,1,3.88,12.3,0,4,0.235,0,0.69,0.067,0.241,98,0.334,0.9,0.317,15.8,22.8,9.2,0.371
18,박승욱,롯데,0.19,54,92,84,10,16,3,0,0,19,5,1,1,5,1,30,0,0.226,0.244,0.47,2,0,2,3,22,16,1.38,0,3.96,4.3,0,2,0.2,0,0.17,0.036,0.166,21.5,0.228,-0.9,0.296,5.4,32.6,4.5,0.095
19,노진혁,롯데,0.27,28,69,63,11,17,1,2,1,25,5,0,0,5,1,20,0,0.397,0.333,0.73,2,0,0,4,9,17,0.53,0,4.13,8.5,0,2,0.188,0.267,0.25,0.127,0.249,100.5,0.338,-0.2,0.381,7.2,29,8.1,0.206
19,손성빈,롯데,0.145,51,69,62,6,9,0,0,1,12,3,0,0,4,1,20,1,0.194,0.209,0.403,1,0,2,1,16,17,0.94,0,3.83,1.9,0,0,0.125,0,0.2,0.048,0.143,-0.6,0.197,-0.5,0.195,5.8,29,2.4,0.113
21,한승현,롯데,0.059,19,19,17,1,1,0,0,0,1,1,1,1,1,0,6,0,0.059,0.105,0.164,0,1,0,0,6,5,1.2,0,3.47,-0.4,0,0,0,0,0.17,0,0.062,-78.9,0.089,-0.4,0.083,5.3,31.6,0.1,0.059
22,박재엽,롯데,0.286,9,16,14,2,4,1,0,1,8,3,0,0,2,0,5,0,0.571,0.375,0.946,1,0,0,2,2,3,0.67,1,3.69,2.9,0,1,0.2,0,0.4,0.286,0.312,157.5,0.417,0.2,0.375,12.5,31.3,3,0.429
23,신윤후,롯데,0.167,12,13,12,1,2,0,0,0,2,0,1,0,0,0,3,0,0.167,0.167,0.334,0,0,1,0,3,4,0.75,0,3.31,0.3,0,0,0,0,0,0,0.117,-31.4,0.155,-0.3,0.222,0,23.1,0.3,0.083
24,조세진,롯데,0.143,12,9,7,1,1,0,0,0,1,0,0,0,2,0,4,0,0.143,0.333,0.476,0,0,0,0,2,0,0,0,4.11,0.6,0,0,0,0,0.5,0,0.186,52.8,0.272,0,0.333,22.2,44.4,0.3,0.286
25,최항,롯데,0.167,8,7,6,1,1,0,0,0,1,1,0,0,1,0,4,0,0.167,0.286,0.453,1,0,0,0,0,1,0,0,4.43,0.4,0,0,0.25,0,0.25,0,0.17,30.7,0.241,-0.2,0.5,14.3,57.1,0.3,0.167
26,박건우,롯데,0.667,6,3,3,1,2,0,0,0,2,1,0,0,0,0,1,0,0.667,0.667,1.334,0,0,0,0,0,0,0,0,3.67,0.9,0,0,1,0,0,0,0.467,302.8,0.619,0.1,1,0,33.3,1.3,0
27,강승구,롯데,0,1,1,1,0,0,0,0,0,0,0,0,0,0,0,0,0,0,0,0,0,0,0,0,1,0,0,0,1,-0.1,0,0,0,0,0,0,0,-142.9,0,0,0,0,0,0,0
27,이태경,롯데,0,2,1,1,0,0,0,0,0,0,0,0,0,0,0,1,0,0,0,0,0,0,0,0,0,0,0,0,9,-0.1,0,0,0,0,0,0,0,-142.9,0,-0.1,0,0,100,0,0
29,이인한,롯데,0,4,0,0,0,0,0,0,0,0,0,0,0,0,0,0,0,0,0,0,0,0,0,0,0,0,0,0,0,0,0,0,0,0,0,0,0,0,0,0,0,0,0,0,0
29,강성우,롯데,0,1,0,0,0,0,0,0,0,0,0,0,1,0,0,0,0,0,0,0,0,0,0,0,0,0,0,0,0,-0.3,0,0,0,0,0,0,0,0,0,0,0,0,0,0,0
31,김원중,롯데,0,8,0,0,0,0,0,0,0,0,0,0,0,0,0,0,0,0,0,0,0,0,0,0,0,0,0,0,0,0,0,0,0,0,0,0,0,0,0,0,0,0,0,0,0
31,구승민,롯데,0,1,0,0,0,0,0,0,0,0,0,0,0,0,0,0,0,0,0,0,0,0,0,0,0,0,0,0,0,0,0,0,0,0,0,0,0,0,0,0,0,0,0,0,0
31,김강현,롯데,0,1,0,0,0,0,0,0,0,0,0,0,0,0,0,0,0,0,0,0,0,0,0,0,0,0,0,0,0,0,0,0,0,0,0,0,0,0,0,0,0,0,0,0,0
31,윤성빈,롯데,0,1,0,0,0,0,0,0,0,0,0,0,0,0,0,0,0,0,0,0,1,0,0,0,0,0,0,0,0,0,0,0,0,0,0,0,0,0,0,0,0,0,0,0,0
31,정철원,롯데,0,2,0,0,0,0,0,0,0,0,0,0,0,0,0,0,0,0,0,0,0,0,0,0,0,0,0,0,0,0,0,0,0,0,0,0,0,0,0,0,0,0,0,0,0
31,정현수,롯데,0,3,0,0,0,0,0,0,0,0,0,0,0,0,0,0,0,0,0,0,0,0,0,0,0,0,0,0,0,0,0,0,0,0,0,0,0,0,0,0,0,0,0,0,0
31,박준우,롯데,0,1,0,0,0,0,0,0,0,0,0,0,0,0,0,0,0,0,0,0,0,0,0,0,0,0,0,0,0,0,0,0,0,0,0,0,0,0,0,0,0,0,0,0,0
31,박진,롯데,0,1,0,0,0,0,0,0,0,0,0,0,0,0,0,0,0,0,0,0,0,0,0,0,0,0,0,0,0,0,0,0,0,0,0,0,0,0,0,0,0,0,0,0,0
31,김태혁,롯데,0,1,0,0,0,0,0,0,0,0,0,0,0,0,0,0,0,0,0,0,0,0,0,0,0,0,0,0,0,0,0,0,0,0,0,0,0,0,0,0,0,0,0,0,0
1,디아즈,삼성,0.314,144,628,551,93,173,32,0,50,355,158,1,0,60,6,100,15,0.644,0.381,1.025,4,11,0,82,103,186,0.55,16,3.82,126,10,50,0.352,1,0.6,0.33,0.332,173.9,0.44,7,0.299,9.6,15.9,135.4,0.441
2,구자욱,삼성,0.319,142,616,529,106,169,43,2,19,273,96,4,1,73,5,91,9,0.516,0.402,0.918,3,8,1,64,147,130,1.13,15,4.05,105.7,7,46,0.351,0.333,0.8,0.197,0.31,154.6,0.413,4.6,0.351,11.9,14.8,109.7,0.34
3,이재현,삼성,0.254,139,555,457,82,116,29,1,16,195,67,6,1,69,11,119,8,0.427,0.36,0.787,23,8,10,46,88,142,0.62,6,4.37,76.6,1,29,0.256,0.333,0.58,0.173,0.269,117.7,0.362,2.6,0.303,12.4,21.4,68.6,0.335
4,김성윤,삼성,0.331,127,538,456,92,151,29,9,6,216,61,26,7,65,5,54,11,0.474,0.419,0.893,2,2,10,44,159,94,1.69,4,3.67,87.8,0,45,0.402,0.4,1.2,0.143,0.307,153.7,0.412,5.4,0.364,12.1,10,89.6,0.327
5,김영웅,삼성,0.249,125,499,446,66,111,22,2,22,203,72,6,2,48,2,143,6,0.455,0.323,0.778,11,3,0,46,83,112,0.74,3,3.97,66.9,3,25,0.268,0,0.34,0.206,0.259,108.6,0.349,2.7,0.313,9.6,28.7,65.3,0.323
6,강민호,삼성,0.269,127,465,412,37,111,23,1,12,172,71,2,2,38,7,69,16,0.417,0.336,0.753,2,7,1,36,130,109,1.19,6,3.62,56.1,4,26,0.333,0.3,0.55,0.148,0.255,104.6,0.344,2.4,0.293,8.2,14.8,57,0.24
7,류지혁,삼성,0.28,129,464,400,54,112,14,0,1,129,37,11,6,33,13,73,11,0.323,0.351,0.674,5,4,14,15,130,89,1.46,3,3.82,47.2,0,29,0.247,0.2,0.45,0.043,0.239,89.7,0.323,1,0.336,7.1,15.7,43.2,0.138
8,김지찬,삼성,0.281,90,373,317,59,89,9,2,0,102,23,22,3,38,5,44,7,0.322,0.364,0.686,1,3,10,11,105,82,1.28,4,3.78,43.2,0,24,0.286,0,0.86,0.041,0.244,95.6,0.331,1.5,0.322,10.2,11.8,36.5,0.221
9,박병호,삼성,0.199,77,232,196,26,39,5,0,15,89,33,0,0,27,7,70,5,0.454,0.315,0.769,2,2,0,20,36,53,0.68,2,4.22,30.5,0,9,0.208,0.063,0.39,0.255,0.255,105.5,0.345,-0.2,0.212,11.6,30.2,26.3,0.393
10,박승규,삼성,0.287,64,200,174,39,50,5,0,6,73,14,5,4,21,4,43,2,0.42,0.377,0.797,1,0,1,11,38,43,0.88,1,4.15,27.7,0,12,0.2,0.143,0.49,0.132,0.275,123.9,0.37,0.9,0.352,10.5,21.5,26.6,0.259
11,양도근,삼성,0.259,116,198,166,23,43,5,0,0,48,16,5,1,18,2,41,3,0.289,0.337,0.626,5,1,11,5,44,39,1.13,3,3.74,18.3,0,12,0.22,0.286,0.44,0.03,0.224,76.6,0.305,0.9,0.341,9.1,20.7,15.9,0.163
12,김헌곤,삼성,0.225,77,191,173,21,39,6,0,2,51,11,2,1,11,4,29,4,0.295,0.286,0.581,0,1,2,8,57,49,1.16,1,3.79,14.5,0,6,0.114,0.333,0.38,0.069,0.202,55.3,0.275,-1,0.259,5.8,15.2,13.9,0.139
13,이성규,삼성,0.198,68,154,126,17,25,5,1,6,50,21,2,2,15,10,52,3,0.397,0.327,0.724,2,2,1,12,22,29,0.76,2,4.28,18.2,0,3,0.256,0.154,0.29,0.198,0.246,98.9,0.336,0.4,0.271,9.7,33.8,14.2,0.317
14,김태훈,삼성,0.237,51,98,93,4,22,1,0,2,29,8,1,0,3,0,24,0,0.312,0.26,0.572,2,0,2,3,25,22,1.14,1,3.23,7.8,0,2,0.15,0.24,0.13,0.075,0.195,46.3,0.263,-0.9,0.299,3.1,24.5,7.6,0.118
15,전병우,삼성,0.273,59,97,77,11,21,2,0,1,26,13,1,0,19,1,27,3,0.338,0.423,0.761,1,0,0,3,10,19,0.53,1,4.13,12.5,0,2,0.381,0.412,0.7,0.065,0.275,128.1,0.376,0.7,0.408,19.6,27.8,10.8,0.325
16,김재성,삼성,0.127,43,73,63,3,8,2,0,0,10,4,0,0,6,2,23,0,0.159,0.222,0.381,0,1,1,2,13,20,0.65,0,3.88,2.4,0,1,0.133,0,0.26,0.032,0.14,-0.1,0.198,-0.5,0.195,8.2,31.5,2,0.127
17,이병헌,삼성,0.2,55,59,55,5,11,3,0,1,17,7,0,0,3,1,13,1,0.309,0.254,0.563,2,0,0,4,17,14,1.21,0,3.88,4,0,3,0.273,0,0.23,0.109,0.192,45.7,0.262,0,0.244,5.1,22,4.1,0.164
18,윤정빈,삼성,0.175,25,46,40,3,7,1,0,0,8,3,0,0,4,0,18,1,0.2,0.239,0.439,0,2,0,1,7,10,0.7,0,3.96,2.3,0,2,0.286,0.167,0.22,0.025,0.158,12.2,0.215,-0.5,0.292,8.7,39.1,2,0.125
19,심재훈,삼성,0.184,31,43,38,8,7,0,0,0,7,2,3,1,4,0,13,0,0.184,0.262,0.446,0,0,1,0,12,6,2,0,3.86,2.2,0,2,0.222,0,0.31,0,0.164,20.6,0.227,-0.5,0.28,9.3,30.2,1.8,0.158
20,홍현빈,삼성,0.125,32,38,32,8,4,2,0,0,6,0,0,0,3,1,8,0,0.188,0.222,0.41,1,0,2,2,4,16,0.25,0,3.97,1.3,0,0,0.167,0.143,0.38,0.063,0.147,7.3,0.208,-0.4,0.167,7.9,21.1,1.2,0.156
21,안주형,삼성,0.235,8,18,17,3,4,0,0,1,7,2,0,1,1,0,5,1,0.412,0.278,0.69,2,0,0,1,5,3,1.67,0,4.11,1.4,0,0,0,0,0.2,0.176,0.228,78.9,0.308,-0.1,0.273,5.6,27.8,1.9,0.176
22,이창용,삼성,0.2,11,17,15,2,3,1,0,1,7,2,1,0,2,0,8,0,0.467,0.294,0.761,1,0,0,2,4,0,0,0,4.65,2.4,0,0,0.167,0,0.25,0.267,0.249,100.5,0.338,-0.1,0.333,11.8,47.1,2.1,0.467
23,양우현,삼성,0.188,14,16,16,3,3,1,0,0,4,4,0,0,0,0,2,0,0.25,0.188,0.438,1,0,0,1,7,4,1.75,2,3.63,0.5,0,0,0.286,0,0,0.063,0.147,-0.7,0.197,-0.3,0.214,0,12.5,0.8,0.063
24,김도환,삼성,0.286,6,14,14,3,4,1,0,0,5,1,0,0,0,0,4,0,0.357,0.286,0.643,0,0,0,1,2,4,0.5,0,3.36,1.3,0,1,1,0,0,0.071,0.218,67.3,0.292,0,0.4,0,28.6,1.4,0.071
24,함수호,삼성,0.214,6,14,14,1,3,0,0,0,3,1,0,0,0,0,6,0,0.214,0.214,0.428,0,0,0,0,4,1,4,0,3.79,0.5,0,1,0.25,0,0,0,0.15,0.4,0.199,-0.2,0.375,0,42.9,0.6,0
24,김태근,삼성,0.333,11,14,12,2,4,0,0,0,4,0,0,0,2,0,4,0,0.333,0.429,0.762,0,0,0,0,1,3,0.33,0,3.86,1.9,0,0,0,0.5,0.5,0,0.276,126.2,0.373,0,0.5,14.3,28.6,1.7,0.167
27,이해승,삼성,0.2,8,5,5,2,1,0,0,0,1,1,0,0,0,0,2,0,0.2,0.2,0.4,2,0,0,0,0,2,0,0,4.8,0.1,0,0,0.5,0,0,0,0.14,-9.2,0.186,-0.3,0.333,0,40,0.2,0
28,김재혁,삼성,0,8,4,3,2,0,0,0,0,0,0,0,0,1,0,2,0,0,0.25,0.25,0,0,0,0,1,0,0,0,4,0.1,0,0,0,0,0.5,0,0.113,-6.3,0.19,-0.1,0,25,50,0,0.333
29,차승준,삼성,0,1,1,1,0,0,0,0,0,0,0,0,0,0,0,0,0,0,0,0,0,0,0,0,0,1,0,0,10,-0.1,0,0,0,0,0,0,0,-142.9,0,0,0,0,0,0,0
29,박진우,삼성,0,1,1,1,0,0,0,0,0,0,0,0,0,0,0,0,0,0,0,0,0,0,0,0,0,1,0,0,5,-0.1,0,0,0,0,0,0,0,-142.9,0,0,0,0,0,0,0
31,김호진,삼성,0,1,0,0,0,0,0,0,0,0,0,0,0,0,0,0,0,0,0,0,0,0,0,0,0,0,0,0,0,0,0,0,0,0,0,0,0,0,0,0,0,0,0,0,0
32,양창섭,삼성,0,1,0,0,0,0,0,0,0,0,0,0,0,0,0,0,0,0,0,0,1,0,0,0,0,0,0,0,0,0,0,0,0,0,0,0,0,0,0,0,0,0,0,0,0
32,이재희,삼성,0,1,0,0,0,0,0,0,0,0,0,0,0,0,0,0,0,0,0,0,0,0,0,0,0,0,0,0,0,0,0,0,0,0,0,0,0,0,0,0,0,0,0,0,0
32,이호성,삼성,0,2,0,0,0,0,0,0,0,0,0,0,0,0,0,0,0,0,0,0,1,0,0,0,0,0,0,0,0,0,0,0,0,0,0,0,0,0,0,0,0,0,0,0,0
32,이승현,삼성,0,2,0,0,0,0,0,0,0,0,0,0,0,0,0,0,0,0,0,0,0,0,0,0,0,0,0,0,0,0,0,0,0,0,0,0,0,0,0,0,0,0,0,0,0
32,김대호,삼성,0,1,0,0,0,0,0,0,0,0,0,0,0,0,0,0,0,0,0,0,0,0,0,0,0,0,0,0,0,0,0,0,0,0,0,0,0,0,0,0,0,0,0,0,0
32,육선엽,삼성,0,2,0,0,0,0,0,0,0,0,0,0,0,0,0,0,0,0,0,0,1,0,0,0,0,0,0,0,0,0,0,0,0,0,0,0,0,0,0,0,0,0,0,0,0
32,김재윤,삼성,0,2,0,0,0,0,0,0,0,0,0,0,0,0,0,0,0,0,0,0,0,0,0,0,0,0,0,0,0,0,0,0,0,0,0,0,0,0,0,0,0,0,0,0,0
32,배찬승,삼성,0,2,0,0,0,0,0,0,0,0,0,0,0,0,0,0,0,0,0,0,0,0,0,0,0,0,0,0,0,0,0,0,0,0,0,0,0,0,0,0,0,0,0,0,0
32,김태훈,삼성,0,1,0,0,0,0,0,0,0,0,0,0,0,0,0,0,0,0,0,0,2,0,0,0,0,0,0,0,0,0,0,0,0,0,0,0,0,0,0,0,0,0,0,0,0
1,송성문,키움,0.315,144,646,574,103,181,37,4,26,304,90,25,2,68,1,96,6,0.53,0.387,0.917,14,3,0,67,139,161,0.86,8,3.79,114.9,5,53,0.372,0.333,0.71,0.214,0.307,152.6,0.41,9.6,0.341,10.5,14.9,117.9,0.373
2,이주형,키움,0.24,127,514,446,55,107,22,1,11,164,45,15,1,37,28,115,7,0.368,0.337,0.705,1,0,3,34,131,93,1.41,5,3.75,59.6,2,28,0.257,0.222,0.32,0.128,0.244,96.4,0.332,3.6,0.3,7.2,22.4,48.9,0.242
3,최주환,키움,0.275,120,506,459,45,126,31,1,12,195,74,0,0,36,5,66,8,0.425,0.33,0.755,6,6,0,44,112,161,0.7,6,4.07,64.2,2,33,0.291,0.5,0.55,0.15,0.255,103.8,0.342,1.5,0.295,7.1,13,63.8,0.229
4,임지열,키움,0.244,102,417,369,51,90,14,2,11,141,50,13,6,42,2,111,11,0.382,0.322,0.704,4,3,1,27,89,82,1.09,3,3.91,46,0,19,0.31,0.6,0.38,0.138,0.24,91.7,0.326,2.3,0.316,10.1,26.6,45.3,0.271
5,카디네스,키움,0.253,86,361,320,33,81,15,1,7,119,42,1,2,32,6,67,7,0.372,0.33,0.702,4,3,0,23,79,96,0.82,1,3.37,39.7,2,21,0.284,0,0.48,0.119,0.242,92.4,0.327,0.7,0.297,8.9,18.6,38.2,0.216
6,어준서,키움,0.238,116,360,324,48,77,9,1,6,106,27,1,0,30,2,75,10,0.327,0.305,0.632,29,1,3,16,89,84,1.06,3,3.95,31.6,1,20,0.222,0.182,0.4,0.09,0.219,71.6,0.298,-0.4,0.291,8.3,20.8,32,0.185
7,김건희,키움,0.242,105,344,322,24,78,20,2,3,111,25,2,1,13,0,102,10,0.345,0.27,0.615,5,2,7,25,91,53,1.72,3,3.93,26.3,0,19,0.224,0.2,0.13,0.102,0.208,59,0.28,0.3,0.342,3.8,29.7,30.2,0.146
8,김태진,키움,0.233,94,304,279,27,65,11,2,5,95,25,1,1,20,0,53,6,0.341,0.281,0.622,9,3,2,18,79,85,0.93,0,3.8,26.6,1,15,0.156,0.214,0.38,0.108,0.212,63.4,0.286,-0.5,0.268,6.6,17.4,27,0.179
9,박주홍,키움,0.226,102,283,248,33,56,11,3,3,82,23,11,1,30,1,72,5,0.331,0.31,0.641,3,2,2,17,57,65,0.88,3,4.18,28.2,0,12,0.219,0.182,0.42,0.105,0.222,75.3,0.303,1.4,0.303,10.6,25.4,25.4,0.266
10,전태현,키움,0.231,77,207,182,20,42,5,0,0,47,10,4,0,20,0,59,2,0.258,0.304,0.562,4,2,3,5,37,46,0.8,0,4.45,16.7,0,8,0.282,0.267,0.34,0.027,0.201,54.9,0.275,-0.2,0.336,9.7,28.5,14.4,0.159
11,주성원,키움,0.25,58,174,156,21,39,6,0,1,48,12,4,0,13,4,45,2,0.308,0.322,0.63,2,1,0,7,36,37,0.97,1,3.95,17,0,10,0.212,0.3,0.29,0.058,0.222,74.3,0.301,0.4,0.342,7.5,25.9,14.8,0.167
12,푸이그,키움,0.212,40,172,156,17,33,2,0,6,53,20,0,0,12,4,38,1,0.34,0.285,0.625,2,0,0,8,35,50,0.7,3,3.76,16.3,0,9,0.256,0,0.32,0.128,0.213,66.5,0.291,-0.4,0.241,7,22.1,14.2,0.205
13,오선진,키움,0.238,99,163,143,15,34,8,0,1,45,19,0,0,12,3,45,2,0.315,0.308,0.623,4,1,4,9,40,25,1.6,5,4.22,14.4,0,8,0.313,0,0.27,0.077,0.217,70.2,0.296,-0.1,0.337,7.4,27.6,13.4,0.161
14,임병욱,키움,0.233,52,140,133,12,31,4,3,2,47,13,1,0,5,0,33,3,0.353,0.259,0.612,1,1,1,9,41,29,1.41,0,3.73,11.6,0,6,0.29,0.222,0.15,0.12,0.205,56.6,0.277,0,0.293,3.6,23.6,12.3,0.165
15,김재현,키움,0.208,62,128,120,12,25,5,0,0,30,5,1,0,1,3,31,1,0.25,0.234,0.484,4,0,4,5,46,18,2.56,1,3.48,6.1,0,5,0.132,0,0.03,0.042,0.168,20.6,0.227,-0.5,0.281,0.8,24.2,6.4,0.058
16,스톤,키움,0.241,22,93,87,4,21,0,0,2,27,15,0,0,5,0,24,2,0.31,0.28,0.59,1,1,0,2,19,24,0.79,1,3.99,7.6,0,6,0.286,1,0.21,0.069,0.204,54,0.273,-0.2,0.306,5.4,25.8,7.6,0.126
17,김동헌,키움,0.268,49,91,82,8,22,3,0,0,25,8,0,0,7,1,23,0,0.305,0.33,0.635,1,1,0,3,21,17,1.24,0,4.42,9.2,0,3,0.292,0.6,0.3,0.037,0.225,75.7,0.303,0.3,0.367,7.7,25.3,8.1,0.122
18,송지후,키움,0.175,33,86,80,5,14,3,0,1,20,8,0,1,3,2,18,3,0.25,0.221,0.471,2,1,0,4,25,24,1.04,0,3.76,3.2,0,3,0.154,0,0.17,0.075,0.162,16.3,0.221,0,0.21,3.5,20.9,4.1,0.1
19,이형종,키움,0.2,33,82,70,4,14,3,0,2,23,6,1,0,9,1,22,3,0.329,0.3,0.629,0,0,2,5,21,13,1.62,0,4.07,6.9,0,1,0.2,0.222,0.41,0.129,0.217,71.9,0.298,0.3,0.261,11,26.8,6.7,0.271
20,여동욱,키움,0.132,28,61,53,6,7,1,0,2,14,2,0,0,7,0,21,2,0.264,0.233,0.497,4,0,1,3,12,13,0.92,0,4.07,3,0,0,0,0.286,0.33,0.132,0.171,29,0.239,-0.4,0.167,11.5,34.4,3.3,0.264
21,원성준,키움,0.174,24,53,46,5,8,1,0,2,15,4,0,0,7,0,18,1,0.326,0.283,0.609,0,0,0,3,10,10,1,0,4.09,4.5,0,3,0.333,0.2,0.39,0.152,0.209,64.3,0.288,-0.1,0.231,13.2,34,4.2,0.304
22,박수종,키움,0.143,38,45,42,6,6,0,0,1,9,2,1,0,3,0,12,0,0.214,0.2,0.414,1,0,0,1,12,12,1,0,4.18,1.8,0,2,0.083,0,0.25,0.071,0.144,-0.2,0.198,-0.1,0.172,6.7,26.7,1.8,0.167
23,이용규,키움,0.216,14,41,37,7,8,1,0,0,9,0,1,0,3,0,8,1,0.243,0.275,0.518,1,0,1,1,14,7,2,0,3.76,2.4,0,2,0.143,0,0.38,0.027,0.185,38.5,0.252,0,0.276,7.3,19.5,2.5,0.135
24,김웅빈,키움,0.083,10,31,24,1,2,0,0,0,2,0,0,0,6,0,7,2,0.083,0.267,0.35,0,0,1,0,6,9,0.67,0,4.23,0.3,0,0,0,0,0.86,0,0.141,10.9,0.213,-0.3,0.118,19.4,22.6,0.5,0.25
25,김동엽,키움,0.222,9,29,27,2,6,2,0,0,8,2,0,0,2,0,11,1,0.296,0.276,0.572,0,0,0,2,3,7,0.43,0,4.14,1.8,0,2,0.5,0,0.18,0.074,0.198,51.6,0.27,-0.1,0.375,6.9,37.9,2.2,0.148
26,고영우,키움,0.217,14,26,23,4,5,1,0,0,6,2,0,0,2,0,6,2,0.261,0.28,0.541,2,0,1,1,7,5,1.4,0,3.5,1,0,1,0.3,0,0.33,0.043,0.191,45.3,0.261,-0.1,0.294,7.7,23.1,1.7,0.13
27,권혁빈,키움,0.1,22,24,20,1,2,0,0,0,2,1,0,0,2,0,7,1,0.1,0.182,0.282,0,0,2,0,4,7,0.57,0,3.79,-0.3,0,0,0,0,0.29,0,0.107,-32.4,0.153,-0.4,0.154,8.3,29.2,0.4,0.1
28,염승원,키움,0.211,11,21,19,2,4,0,0,0,4,1,0,0,1,0,6,0,0.211,0.238,0.449,0,1,0,0,8,2,4,0,3.76,1.3,0,0,0,0,0.17,0,0.16,10.5,0.213,-0.2,0.286,4.8,28.6,1,0.053
29,변상권,키움,0.263,12,20,19,2,5,2,0,0,7,4,0,0,0,0,2,0,0.368,0.25,0.618,0,1,0,2,8,5,1.6,0,3.45,2,0,0,0.333,0.167,0,0.105,0.205,51.1,0.269,-0.1,0.278,0,10,1.8,0.105
30,이주형,키움,0.313,11,17,16,2,5,0,0,0,5,2,0,0,1,0,7,0,0.313,0.353,0.666,0,0,0,0,2,2,1,0,3.88,1.8,0,1,0.6,0.143,0.14,0,0.237,85.9,0.318,-0.1,0.556,5.9,41.2,1.8,0.063
31,장재영,키움,0.143,10,16,14,1,2,0,0,0,2,2,1,0,2,0,7,0,0.143,0.25,0.393,1,0,0,0,2,3,0.67,0,3.63,0.7,0,0,0.333,0,0.29,0,0.148,9,0.211,-0.1,0.286,12.5,43.8,0.5,0.214
32,양현종,키움,0.083,12,14,12,1,1,0,0,0,1,0,0,0,2,0,5,0,0.083,0.214,0.297,1,0,0,0,2,4,0.5,0,4.5,0.2,0,0,0,0,0.4,0,0.117,-17.1,0.175,-0.3,0.143,14.3,35.7,0.2,0.167
33,강진성,키움,0.182,6,13,11,1,2,0,0,0,2,1,0,0,2,0,1,2,0.182,0.308,0.49,0,0,0,0,7,1,7,1,3.46,0.1,0,1,0.2,0,2,0,0.184,44,0.259,0,0.2,15.4,7.7,0.6,0.182
34,이원석,키움,0.143,5,8,7,1,1,0,0,0,1,0,0,0,1,0,2,1,0.143,0.25,0.393,0,0,0,0,2,2,1,0,4.25,-0.1,0,0,0,0,0.5,0,0.148,9,0.211,-0.1,0.2,12.5,25,0.3,0.143
34,서유신,키움,0,6,8,7,0,0,0,0,0,0,0,0,0,1,0,4,0,0,0.125,0.125,1,0,0,0,2,1,2,0,4.38,-0.3,0,0,0,0,0.25,0,0.056,-74.6,0.095,-0.3,0,12.5,50,0,0.143
36,김병휘,키움,0.25,7,6,4,2,1,0,0,0,1,0,0,0,2,0,1,0,0.25,0.5,0.75,0,0,0,0,0,2,0,0,5.67,0.9,0,0,0,0,2,0,0.288,150.6,0.407,0.2,0.333,33.3,16.7,0.5,0.5
37,이승원,키움,0,1,2,2,0,0,0,0,0,0,0,0,0,0,0,0,0,0,0,0,1,0,0,0,0,2,0,0,2.5,-0.2,0,0,0,0,0,0,0,-142.9,0,-0.2,0,0,0,0,0
37,이재상,키움,0.5,2,2,2,0,1,0,0,0,1,0,0,0,0,0,1,0,0.5,0.5,1,1,0,0,0,0,0,0,0,3,0.4,0,0,0,0,0,0,0.35,191.4,0.464,-0.1,1,0,50,0.5,0
39,주승우,키움,0,2,0,0,0,0,0,0,0,0,0,0,0,0,0,0,0,0,0,0,1,0,0,0,0,0,0,0,0,0,0,0,0,0,0,0,0,0,0,0,0,0,0,0,0
40,알칸타라,키움,0,1,0,0,0,0,0,0,0,0,0,0,0,0,0,0,0,0,0,0,1,0,0,0,0,0,0,0,0,0,0,0,0,0,0,0,0,0,0,0,0,0,0,0,0
40,박주성,키움,0,2,0,0,0,0,0,0,0,0,0,0,0,0,0,0,0,0,0,0,1,0,0,0,0,0,0,0,0,0,0,0,0,0,0,0,0,0,0,0,0,0,0,0,0
40,박정훈,키움,0,1,0,0,0,0,0,0,0,0,0,0,0,0,0,0,0,0,0,0,0,0,0,0,0,0,0,0,0,0,0,0,0,0,0,0,0,0,0,0,0,0,0,0,0
40,박윤성,키움,0,3,0,0,0,0,0,0,0,0,0,0,0,0,0,0,0,0,0,0,0,0,0,0,0,0,0,0,0,0,0,0,0,0,0,0,0,0,0,0,0,0,0,0,0
40,이준우,키움,0,1,0,0,0,0,0,0,0,0,0,0,0,0,0,0,0,0,0,0,0,0,0,0,0,0,0,0,0,0,0,0,0,0,0,0,0,0,0,0,0,0,0,0,0
1,노시환,한화,0.26,144,624,539,97,140,28,2,32,268,101,14,5,70,11,125,22,0.497,0.354,0.851,17,4,0,62,121,157,0.77,16,3.94,91.3,10,37,0.29,0,0.56,0.237,0.284,131.6,0.381,6.8,0.28,11.2,20,92.4,0.384
2,문현빈,한화,0.32,141,592,528,71,169,30,2,12,239,80,17,6,38,10,82,11,0.453,0.37,0.823,3,11,5,44,148,140,1.06,13,3.62,88,2,53,0.319,0.25,0.46,0.133,0.28,125.8,0.373,3.1,0.353,6.4,13.9,87.4,0.225
3,채은성,한화,0.288,132,527,480,54,138,27,1,19,224,88,1,2,31,13,96,4,0.467,0.347,0.814,6,0,3,47,117,129,0.91,10,3.72,74.5,5,39,0.333,0,0.32,0.179,0.273,122.2,0.368,2.4,0.326,5.9,18.2,74.1,0.242
4,손아섭,한화,0.288,111,416,372,39,107,22,3,1,138,50,0,4,37,1,59,3,0.371,0.352,0.723,0,2,4,26,133,75,1.77,3,3.79,47.8,2,24,0.31,0.222,0.63,0.083,0.251,101.4,0.339,1.2,0.338,8.9,14.2,48.6,0.172
5,이진영,한화,0.274,115,366,321,49,88,13,0,11,134,43,1,4,38,2,93,8,0.417,0.35,0.767,2,5,0,24,80,65,1.23,2,3.95,46.9,0,19,0.239,0.25,0.41,0.143,0.262,110.3,0.351,1.9,0.347,10.4,25.4,47,0.252
6,최재훈,한화,0.286,121,348,269,28,77,15,0,1,95,35,1,1,46,17,48,4,0.353,0.414,0.767,5,6,10,16,85,65,1.31,4,4.14,47.5,0,16,0.355,0,0.96,0.067,0.275,126,0.373,4.5,0.336,13.2,13.8,37.1,0.238
7,김태연,한화,0.261,120,340,303,40,79,15,0,3,103,20,5,3,23,8,62,10,0.34,0.329,0.669,5,0,6,18,72,90,0.8,1,3.74,32,0,19,0.197,0.067,0.37,0.079,0.233,85.2,0.317,0.4,0.319,6.8,18.2,32.2,0.162
8,하주석,한화,0.297,95,305,276,34,82,14,0,4,108,28,2,1,12,5,66,10,0.391,0.337,0.728,2,1,11,18,74,55,1.35,1,3.52,32.8,0,24,0.329,0.091,0.18,0.094,0.249,98.6,0.335,0.3,0.377,3.9,21.6,35.3,0.141
9,황영묵,한화,0.273,117,286,260,40,71,17,1,1,93,22,1,3,20,2,37,4,0.358,0.329,0.687,6,1,2,19,96,57,1.68,4,3.64,29.1,0,18,0.3,0.455,0.54,0.085,0.238,88.2,0.321,0,0.314,7,12.9,30.2,0.154
10,플로리얼,한화,0.271,65,285,258,36,70,18,2,8,116,29,13,3,24,1,65,2,0.45,0.333,0.783,5,2,0,28,56,69,0.81,3,3.86,39.8,2,21,0.222,0,0.37,0.178,0.262,111.7,0.353,1.8,0.332,8.4,22.8,38.7,0.31
11,이도윤,한화,0.26,113,277,250,37,65,11,3,1,85,36,1,0,11,3,52,5,0.34,0.296,0.636,4,3,10,15,72,64,1.13,3,3.85,24.9,1,13,0.25,0.4,0.21,0.08,0.218,68.8,0.294,-0.1,0.32,4,18.8,24.8,0.128
12,심우준,한화,0.231,94,275,247,39,57,9,1,2,74,22,11,1,17,3,49,4,0.3,0.287,0.587,7,1,7,12,69,73,0.95,2,3.94,23,0,9,0.25,0,0.35,0.069,0.204,57,0.277,0.6,0.279,6.2,17.8,20.7,0.178
13,리베라토,한화,0.313,62,273,246,41,77,18,2,10,129,39,1,0,23,0,47,3,0.524,0.366,0.89,3,4,0,30,60,66,0.91,6,3.62,45.7,0,22,0.339,0,0.49,0.211,0.296,141.7,0.395,3.1,0.347,8.4,17.2,48,0.309
14,이원석,한화,0.203,129,248,212,60,43,7,0,4,62,24,22,3,23,4,51,4,0.292,0.29,0.582,1,2,7,11,55,65,0.85,6,3.77,22.9,0,11,0.149,0.5,0.45,0.09,0.204,58.4,0.279,0,0.245,9.3,20.6,17.4,0.288
15,안치홍,한화,0.172,66,196,174,9,30,4,0,2,40,18,3,0,16,1,39,4,0.23,0.245,0.475,1,1,4,6,49,57,0.86,2,3.75,9.7,2,5,0.238,0.2,0.41,0.057,0.168,23.6,0.231,-1.5,0.209,8.2,19.9,9.7,0.167
16,최인호,한화,0.259,78,159,139,7,36,9,0,2,51,19,1,0,13,5,29,5,0.367,0.342,0.709,0,1,1,11,38,37,1.03,2,4.16,17.2,0,6,0.3,0.308,0.45,0.108,0.246,97.1,0.333,0.1,0.312,8.2,18.2,16.4,0.209
17,이재원,한화,0.2,98,151,125,4,25,2,1,1,32,12,1,1,14,1,23,3,0.256,0.28,0.536,6,3,8,4,46,34,1.35,0,3.46,10.5,0,3,0.162,0,0.61,0.056,0.19,44.4,0.26,0.4,0.231,9.3,15.2,9,0.168
18,임종찬,한화,0.167,17,35,30,2,5,1,0,1,9,2,2,0,5,0,13,0,0.3,0.286,0.586,1,0,0,2,4,8,0.5,0,4.2,3.4,0,1,0.2,0,0.38,0.133,0.204,60.4,0.282,-0.1,0.25,14.3,37.1,2.6,0.367
19,허인서,한화,0.172,20,30,29,2,5,1,0,0,6,2,0,0,0,1,12,1,0.207,0.2,0.407,1,0,0,1,9,3,3,0,3.47,0.4,0,0,0.182,0.333,0,0.034,0.142,-3.9,0.193,0,0.294,0,40,1,0.034
20,김인환,한화,0.08,10,26,25,2,2,0,0,1,5,3,0,0,1,0,9,1,0.2,0.115,0.315,2,0,0,1,8,6,1.33,1,4.46,-0.2,0,0,0.167,0,0.11,0.12,0.102,-40.8,0.142,-0.5,0.067,3.8,34.6,0.6,0.16
21,권광민,한화,0.167,15,18,18,2,3,1,0,0,4,0,0,0,0,0,5,1,0.222,0.167,0.389,0,0,0,1,6,4,1.5,0,4.06,0,0,0,0,0.25,0,0.056,0.131,-16.5,0.175,-0.3,0.231,0,27.8,0.7,0.056
22,유로결,한화,0.154,20,16,13,1,2,0,0,0,2,0,1,0,0,1,4,0,0.154,0.214,0.368,0,0,2,0,4,3,1.33,0,2.81,0.6,0,0,0,0,0,0,0.135,-7.6,0.188,-0.3,0.222,0,25,0.3,0.077
23,이상혁,한화,0.2,39,12,10,14,2,1,0,0,3,2,3,4,0,1,3,0,0.3,0.273,0.573,0,0,1,1,2,3,0.67,0,3.17,0.1,0,0,0.25,0,0,0.1,0.198,53.7,0.273,-0.3,0.286,0,25,0.6,0
24,이민재,한화,0,3,4,4,0,0,0,0,0,0,0,0,0,0,0,1,1,0,0,0,0,0,0,0,1,2,0.5,0,3.75,-0.7,0,0,0,0,0,0,0,-142.9,0,-0.1,0,0,25,0,0
25,박정현,한화,0,2,2,2,0,0,0,0,0,0,0,0,0,0,0,1,0,0,0,0,0,0,0,0,1,0,0,0,4,-0.2,0,0,0,0,0,0,0,-142.9,0,-0.1,0,0,50,0,0
25,장규현,한화,1,2,2,1,1,1,0,0,0,1,0,0,0,1,0,0,0,1,1,2,0,0,0,0,0,0,0,0,3.5,0.8,0,0,0,0,0,0,0.7,464.4,0.843,0.1,1,50,0,1,1
27,이승현,한화,1,4,1,1,1,1,0,1,0,3,1,0,0,0,0,0,0,3,1,4,0,0,0,1,0,0,0,0,1,1,0,0,1,1,0,2,1.2,1076.1,1.692,0.1,1,0,0,3,2
28,김승일,한화,0,1,0,0,0,0,0,0,0,0,0,0,0,0,0,0,0,0,0,0,0,0,0,0,0,0,0,0,0,0,0,0,0,0,0,0,0,0,0,0,0,0,0,0,0
28,조동욱,한화,0,2,0,0,0,0,0,0,0,0,0,0,0,0,0,0,0,0,0,0,0,0,0,0,0,0,0,0,0,0,0,0,0,0,0,0,0,0,0,0,0,0,0,0,0
28,박상원,한화,0,1,0,0,0,0,0,0,0,0,0,0,0,0,0,0,0,0,0,0,1,0,0,0,0,0,0,0,0,0,0,0,0,0,0,0,0,0,0,0,0,0,0,0,0
28,김서현,한화,0,3,0,0,0,0,0,0,0,0,0,0,0,0,0,0,0,0,0,0,0,0,0,0,0,0,0,0,0,0,0,0,0,0,0,0,0,0,0,0,0,0,0,0,0
28,윤산흠,한화,0,1,0,0,0,0,0,0,0,0,0,0,0,0,0,0,0,0,0,0,0,0,0,0,0,0,0,0,0,0,0,0,0,0,0,0,0,0,0,0,0,0,0,0,0
28,김종수,한화,0,1,0,0,0,0,0,0,0,0,0,0,0,0,0,0,0,0,0,0,0,0,0,0,0,0,0,0,0,0,0,0,0,0,0,0,0,0,0,0,0,0,0,0,0
28,한승혁,한화,0,1,0,0,0,0,0,0,0,0,0,0,0,0,0,0,0,0,0,0,0,0,0,0,0,0,0,0,0,0,0,0,0,0,0,0,0,0,0,0,0,0,0,0,0
28,정우주,한화,0,3,0,0,0,0,0,0,0,0,0,0,0,0,0,0,0,0,0,0,0,0,0,0,0,0,0,0,0,0,0,0,0,0,0,0,0,0,0,0,0,0,0,0,0
